paper_doi,title_CR,release_date,publication_date,published,journal,citations,cite_rank,JIF,high_JIF,low_JIF
10.1101/2020.05.07.077016,The SARS-CoV-2-like virus found in captive pangolins from Guangdong should be better sequenced.,2020-05-07,,False,,8.0,11.2781954887218,,False,False
10.1101/2020.04.24.20075838,Vitamin D Insufficiency is Prevalent in Severe COVID-19,2020-04-28,,False,,79.0,59.3984962406015,,False,False
10.1101/2020.06.13.20130252,Prevalence of IgG antibodies to SARS-CoV-2 in Wuhan -implications for the ability to produce long-lasting protective antibodies against SARS-CoV-2,2020-06-16,,False,,42.0,41.2280701754386,,False,False
10.1101/2020.04.23.056309,SARS-CoV-2 Isolation and Propagation from Turkish COVID-19 patients,2020-04-24,2020-06-21,True,TURK. J. BIOL.,9.0,12.90726817042606,1.452,False,True
10.1101/2020.03.30.20047365,Neutralizing antibody responses to SARS-CoV-2 in a COVID-19 recovered patient cohort and their implications,2020-04-06,2020-08-18,True,JAMA INTERN. MED.,423.8207547169811,89.72431077694235,21.873,True,False
10.1101/2020.03.17.20037572,"Incidence, clinical characteristics and prognostic factor of patients with COVID-19: a systematic review and meta-analysis",2020-03-20,,False,,25.61538461538461,28.94736842105263,,False,False
10.1101/2020.08.13.20173161,Neutralizing antibodies correlate with protection from SARS-CoV-2 in humans during a fishery vessel outbreak with high attack rate,2020-08-14,2020-10-21,True,JOURNAL OF CLINICAL MICROBIOLOGY,242.0,80.20050125313283,5.948,False,True
10.1101/2020.07.23.20160762,Herd immunity thresholds for SARS-CoV-2 estimated from unfolding epidemics,2020-07-24,,False,,49.0,46.74185463659148,,False,False
10.1101/2020.05.18.20066902,Doxycycline and Hydroxychloroquine as Treatment for High-Risk COVID-19 Patients: Experience from Case Series of 54 Patients in Long-Term Care Facilities,2020-05-22,,False,,20.0,23.68421052631579,,False,False
10.1101/2020.05.06.20092841,"Modeling the impact of social distancing, testing, contact tracing and household quarantine on second-wave scenarios of the COVID-19 epidemic",2020-05-18,2020-08-05,True,NATURE HUMAN BEHAVIOUR,285.0,84.46115288220551,13.663,True,False
10.1101/2020.07.08.20148775,"Air recirculation role in the infection with COVID-19, lessons learned from Diamond Princess cruise ship",2020-07-09,2021-04-04,True,AEROSOL AND AIR QUALITY RESEARCH,2.0,3.383458646616541,3.063,False,True
10.1101/2020.05.20.20108415,Underreporting of death by COVID-19 in Brazil's second most populous state,2020-05-23,2020-12-15,True,FRONTIERS IN PUBLIC HEALTH,3.0,4.260651629072681,3.709,False,True
10.1101/2020.08.10.20172288,Effectiveness of booster BCG vaccination in preventing Covid-19 infection,2020-08-11,,False,,10.0,14.16040100250627,,False,False
10.1101/2020.03.26.20044222,Clinical characteristics of the recovered COVID-19 patients with re-detectable positive RNA test,2020-03-30,2020-09-01,True,ANNALS OF TRANSLATIONAL MEDICINE,73.22033898305084,57.89473684210527,3.932,False,True
10.1101/2020.07.13.20152819,Work Related and Personal Predictors of Covid 19 transmission,2020-07-15,2021-07-12,True,JOURNAL OF EPIDEMIOLOGY & COMMUNITY HEALTH,1.0,1.503759398496241,3.71,False,True
10.1101/2020.06.10.20127621,Ethnicity and outcomes in patients hospitalised with COVID-19 infection in East London: an observational cohort study,2020-06-12,2021-01-17,True,BMJ OPEN,32.0,34.71177944862156,2.692,False,True
10.1101/2020.03.12.20034728,Spread of SARS-CoV-2 Coronavirus likely to be constrained by climate,2020-03-16,,False,,89.25,60.40100250626567,,False,False
10.1101/2020.04.16.20066787,FALSE-NEGATIVE RESULTS OF INITIAL RT-PCR ASSAYS FOR COVID-19: A SYSTEMATIC REVIEW,2020-04-21,2020-12-10,True,PLOS ONE,231.0,79.19799498746866,3.24,False,True
10.1101/2020.08.12.20173526,Patient outcomes after hospitalisation with COVID-19 and implications for follow-up; results from a prospective UK cohort.,2020-08-14,2020-12-03,True,THORAX,126.0,68.29573934837093,9.25,False,True
10.1101/2020.07.07.20148395,Disease severity-specific neutrophil signatures in blood transcriptomes stratify COVID-19 patients,2020-07-08,2021-01-13,True,GENOME MEDICINE,34.0,36.96741854636591,11.117,True,False
10.1101/2020.04.01.20050039,Perceptions and behavioural responses of the general public during the COVID-19 pandemic: A cross-sectional survey of UK Adults,2020-04-03,2021-01-04,True,BMJ OPEN,101.3838383838384,63.65914786967418,2.692,False,True
10.1101/2020.07.13.20153049,Mechanistic Transmission Modeling of COVID-19 on the Diamond Princess Cruise Ship Demonstrates the Importance of Aerosol Transmission,2020-07-15,2021-02-23,True,PROCEEDINGS OF THE NATIONAL ACADEMY OF SCIENCES OF THE UNITED STATES OF AMERICA,48.0,45.73934837092732,11.205,True,False
10.1101/2020.04.12.20059618,COVID-19 outbreak at a large homeless shelter in Boston: Implications for universal testing,2020-04-15,,False,,25.61538461538461,28.94736842105263,,False,False
10.1101/2020.08.11.20145086,Face Coverings and Respiratory Tract Droplet Dispersion,2020-08-14,2020-12-23,True,ROYAL SOCIETY OPEN SCIENCE,7.0,9.774436090225564,2.963,False,True
10.1101/2020.04.16.20062141,Estimating the impact of non-pharmaceutical interventions on documented infections with COVID-19: A cross-country analysis,2020-04-21,,False,,51.0,47.86967418546366,,False,False
10.1101/2020.05.31.126136,A distinct phylogenetic cluster of Indian SARS-CoV-2 isolates,2020-05-31,2020-09-18,True,OPEN FORUM INFECTIOUS DISEASES,21.0,25.43859649122807,3.835,False,True
10.1101/2020.03.13.990226,Reinfection could not occur in SARS-CoV-2 infected rhesus macaques,2020-03-14,,False,,65.65,55.88972431077694,,False,False
10.1101/2020.07.02.20143826,Covid-19 Risk Among Airline Passengers: Should the Middle Seat Stay Empty?,2020-07-05,,False,,14.0,18.54636591478697,,False,False
10.1101/2020.07.10.20150656,Diagnostic value of skin manifestation of SARS-CoV-2 infection,2020-07-11,2021-01-14,True,BRITISH JOURNAL OF DERMATOLOGY,21.0,25.43859649122807,9.302,False,True
10.1101/2020.07.16.20155747,Barriers to online learning in the time of COVID-19: A national survey of medical students in the Philippines,2020-07-18,2021-02-24,True,MEDICAL SCIENCE EDUCATOR,51.0,47.86967418546366,0.54,False,True
10.1101/2020.08.02.233320,REGN-COV2 antibody cocktail prevents and treats SARS-CoV-2 infection in rhesus macaques and hamsters,2020-08-03,2020-12-27,True,SCIENCE,221.0,77.94486215538848,47.728,True,False
10.1101/2020.04.14.20062463,"COVID-19 Antibody Seroprevalence in Santa Clara County, California",2020-04-17,2021-02-22,True,INTERNATIONAL JOURNAL OF EPIDEMIOLOGY,420.5568862275449,89.47368421052632,7.196,False,True
10.1101/2020.08.19.20177188,Transmission dynamics of COVID-19 in household and community settings in the United Kingdom,2020-08-22,,False,,29.0,32.20551378446115,,False,False
10.1101/2020.07.17.20155960,Observational Study of the Efficiency of Treatments in Patients Hospitalized with Covid-19 in Madrid,2020-07-21,,False,,8.0,11.2781954887218,,False,False
10.1101/2020.05.26.115832,Different pattern of pre-existing SARS-COV-2 specific T cell immunity in SARS-recovered and uninfected individuals,2020-05-27,2020-07-15,True,NATURE,673.0,96.74185463659147,49.962,True,False
10.1101/2020.08.13.249847,Open Science Saves Lives: Lessons from the COVID-19 Pandemic,2020-08-14,2021-05-05,True,BMC MEDICAL RESEARCH METHODOLOGY,19.0,22.80701754385965,4.615,False,True
10.1101/2020.06.06.20124446,"Estimated Average Probabilities of COVID-19 Infection, Hospitalization, and Death From Community Contact in the United States",2020-06-12,2020-12-07,True,PLOS ONE,5.0,7.393483709273182,3.24,False,True
10.1101/2020.06.09.20116806,Pre exposure Hydroxychloroquine use is associated with reduced COVID19 risk in healthcare workers,2020-06-12,2020-12-15,True,INTERNATIONAL JOURNAL OF RESEARCH IN MEDICAL SCIENCES,3.0,4.260651629072681,,False,False
10.1101/2020.03.03.20028423,"Epidemiology and Transmission of COVID-19 in Shenzhen China: Analysis of 391 cases and 1,286 of their close contacts",2020-03-04,2020-08-01,True,LANCET INFECTIOUS DISEASES,996.6847224151961,97.99498746867168,25.071,True,False
10.1101/2020.06.05.20123463,UV-C irradiation is highly effective in inactivating and inhibiting SARS-CoV-2 replication,2020-06-07,2021-03-18,True,SCIENTIFIC REPORTS,44.0,42.60651629072682,4.38,False,True
10.1101/2020.05.01.20087833,Early Evidence of Disparities in COVID-19 Testing in US Cities,2020-05-06,2020-07-15,True,ANNALS OF INTERNAL MEDICINE,20.0,23.68421052631579,25.391,True,False
10.1101/2020.08.09.20171223,Markedly heterogeneous COVID-19 testing plans among US colleges and universities,2020-08-11,,False,,4.0,5.764411027568922,,False,False
10.1101/2020.04.01.20049528,Facemasks and similar barriers to prevent respiratory illness such asCOVID-19: A rapid systematic review,2020-04-06,2020-12-10,True,EUROSURVEILLANCE,57.33333333333334,51.12781954887217,6.307,False,True
10.1101/2020.06.19.20135095,Observational Study of Metformin and Risk of Mortality in Patients Hospitalized with Covid-19,2020-06-20,,False,,59.0,51.75438596491229,,False,False
10.1101/2020.03.25.009084,Non-neural expression of SARS-CoV-2 entry genes in the olfactory epithelium suggests mechanisms underlying anosmia in COVID-19 patients,2020-03-27,2020-07-31,True,SCIENCE ADVANCES,340.3725181216515,86.96741854636592,14.136,True,False
10.1101/2020.04.17.20061440,Presence of SARS-CoV-2 reactive T cells in COVID-19 patients and healthy donors,2020-04-22,2020-07-29,True,NATURE,500.0,92.73182957393483,49.962,True,False
10.1101/2020.05.28.20116129,The effectiveness and perceived burden of nonpharmaceutical interventions against COVID-19 transmission: a modelling study with 41 countries,2020-05-30,2021-02-19,True,SCIENCE,118.0,67.16791979949875,47.728,True,False
10.1101/2020.04.15.20066050,"Basic estimation-prediction techniques for Covid-19, and a prediction for Stockholm",2020-04-17,,False,,17.6,21.55388471177945,,False,False
10.1101/2020.03.20.001008,RT-qPCR DETECTION OF SARS-CoV-2 RNA FROM PATIENT NASOPHARYNGEAL SWAB USING QIAGEN RNEASY KITS OR DIRECTLY VIA OMISSION OF AN RNA EXTRACTION STEP,2020-03-21,2020-10-02,True,PLOS BIOLOGY,61.38,53.1328320802005,8.029,False,True
10.1101/2020.04.27.20082362,Performance Characteristics of the Abbott Architect SARS-CoV-2 IgG Assay and Seroprevalence Testing in Idaho,2020-05-02,2020-07-23,True,JOURNAL OF CLINICAL MICROBIOLOGY,357.0,87.71929824561403,5.948,False,True
10.1101/2020.05.18.20099960,Pathophysiology of SARS-CoV-2: targeting of endothelial cells renders a complex disease with thrombotic microangiopathy and aberrant immune response. The Mount Sinai COVID-19 autopsy experience,2020-05-22,,False,,136.0,70.17543859649122,,False,False
10.1101/2020.04.25.20079103,The role of asymptomatic SARS-CoV-2 infections: rapid living systematic review and meta-analysis,2020-04-29,2020-09-22,True,PLOS MEDICINE,62.0,53.75939849624061,11.069,True,False
10.1101/2020.05.10.20097543,Estimating the extent of true asymptomatic COVID-19 and its potential for community transmission: systematic review and meta-analysis,2020-05-15,2020-12-04,True,OFFICIAL JOURNAL OF THE ASSOCIATION OF MEDICAL MICROBIOLOGY AND INFECTIOUS DISEASE CANADA,272.0,82.95739348370927,0.36,False,True
10.1101/2020.06.07.137802,Neuropilin-1 facilitates SARS-CoV-2 cell entry and provides a possible pathway into the central nervous system,2020-06-07,2020-11-13,True,SCIENCE,444.0,90.22556390977444,47.728,True,False
10.1101/2020.05.02.20080036,Hydroxychloroquine and azithromycin plus zinc vs hydroxychloroquine and azithromycin alone: outcomes in hospitalized COVID-19 patients,2020-05-08,2020-09-15,True,JOURNAL OF MEDICAL MICROBIOLOGY,102.0,63.90977443609023,2.472,False,True
10.1101/2020.04.19.20054262,Pulmonary post-mortem findings in a large series of COVID-19 cases from Northern Italy,2020-04-22,2020-06-08,True,LANCET INFECTIOUS DISEASES,580.0,94.73684210526315,25.071,True,False
10.1101/2020.06.11.146522,Shielding and Beyond: The Roles of Glycans in SARS-CoV-2 Spike Protein,2020-06-11,2020-10-23,True,ACS CENTRAL SCIENCE,153.0,72.93233082706767,14.553,True,False
10.1101/2020.05.08.20094870,Estimating pre-symptomatic transmission of COVID-19: a secondary analysis using published data,2020-05-11,,False,,14.0,18.54636591478697,,False,False
10.1101/2020.05.21.108308,Systemic and mucosal antibody secretion specific to SARS-CoV-2 during mild versus severe COVID-19,2020-05-23,2021-02-15,True,JOURNAL OF ALLERGY AND CLINICAL IMMUNOLOGY,99.0,63.1578947368421,10.793,True,False
10.1101/2020.07.25.20162107,"SARS-CoV-2 viral load dynamics, duration of viral shedding and infectiousness: a living systematic review and meta-analysis",2020-07-28,2020-11-19,True,LANCET MICROBE,450.0,90.72681704260651,,False,False
10.1101/2020.05.14.20101774,Hydroxychloroquine in COVID-19: A systematic review and meta-analysis,2020-05-19,,False,,9.0,12.90726817042606,,False,False
10.1101/2020.06.15.20132233,SARS-CoV-2 Community Transmission During Shelter-in-Place in San Francisco,2020-06-17,,False,,44.0,42.60651629072682,,False,False
10.1101/2020.05.28.20114835,Viral Dynamics Matter in COVID-19 Pneumonia: the success of early treatment with hydroxychloroquine and azithromycin in Lebanon.,2020-06-02,,False,,1.0,1.503759398496241,,False,False
10.1101/2020.05.04.20090944,Acute Kidney Injury in Hospitalized Patients with COVID-19,2020-05-08,2021-01-15,True,JOURNAL OF THE AMERICAN SOCIETY OF NEPHROLOGY,135.0,69.92481203007519,10.121,True,False
10.1101/2020.05.09.20096370,Chest Computed Tomography Findings in Asymptomatic Patients with COVID-19,2020-05-15,2020-09-07,True,RESPIRATION,11.0,15.6641604010025,3.58,False,True
10.1101/2020.07.09.20149351,Repeat SARS-CoV-2 Testing Models for Residential College Populations,2020-07-10,2020-11-17,True,HEALTH CARE MANAGEMENT SCIENCE,12.0,17.16791979949875,2.893,False,True
10.1101/2020.08.16.20035691,COVID-19 ICU and mechanical ventilation patient characteristics and outcomes - A systematic review and meta-analysis,2020-08-18,2021-02-11,True,PLOS ONE,24.0,28.07017543859649,3.24,False,True
10.1101/2020.07.19.20145326,High Rate of SARS-CoV-2 Transmission due to Choir Practice in France at the Beginning of the COVID-19 Pandemic,2020-07-25,2020-12-23,True,JOURNAL OF VOICE,27.0,30.57644110275689,2.009,False,True
10.1101/2020.06.13.20129627,Sentinel surveillance of SARS-CoV-2 in wastewater anticipates the occurrence of COVID-19 cases,2020-06-13,,False,,65.0,55.26315789473685,,False,False
10.1101/2020.08.14.250258,Inhibition of Severe Acute Respiratory Syndrome Coronavirus 2 main protease by tafenoquine in vitro,2020-08-15,,False,,4.0,5.764411027568922,,False,False
10.1101/2020.03.17.20037432,Favipiravir versus Arbidol for COVID-19: A Randomized Clinical Trial,2020-03-20,,False,,361.4289297658863,87.96992481203007,,False,False
10.1101/2020.03.22.20040758,Efficacy of hydroxychloroquine in patients with COVID-19: results of a randomized clinical trial,2020-03-30,,False,,546.9043478260869,93.48370927318295,,False,False
10.1101/2020.06.19.20136093,Efficacy and safety of chloroquine or hydroxychloroquine in moderate type of COVID-19: a prospective open-label randomized controlled study,2020-06-22,,False,,39.0,39.47368421052632,,False,False
10.1101/2020.05.21.109272,An insertion unique to SARS-CoV-2 exhibits superantigenic character strengthened by recent mutations,2020-05-21,2020-10-13,True,PROCEEDINGS OF THE NATIONAL ACADEMY OF SCIENCES OF THE UNITED STATES OF AMERICA,74.0,58.27067669172933,11.205,True,False
10.1101/2020.07.22.20160341,Effects of non-pharmaceutical interventions on COVID-19: A Tale of Two Models,2020-07-27,,False,,5.0,7.393483709273182,,False,False
10.1101/2020.05.13.092478,Novel ACE2-Independent Carbohydrate-Binding of SARS-CoV-2 Spike Protein to Host Lectins and Lung Microbiota,2020-05-14,,False,,21.0,25.43859649122807,,False,False
10.1101/2020.04.02.20047050,The QT Interval in Patients with SARS-CoV-2 Infection Treated with Hydroxychloroquine/Azithromycin,2020-04-03,2020-04-24,True,NATURE MEDICINE,273.3725714285714,83.20802005012531,53.44,True,False
10.1101/2020.05.01.20086801,Efficient prevalence estimation and infected sample identification with group testing for SARS-CoV-2,2020-05-06,2021-04-14,True,SCIENCE TRANSLATIONAL MEDICINE,17.0,20.92731829573935,17.956,True,False
10.1101/2020.04.26.20080911,False positives in reverse transcription PCR testing for SARS-CoV-2,2020-05-01,,False,,48.0,45.73934837092732,,False,False
10.1101/2020.05.06.20092999,OpenSAFELY: factors associated with COVID-19-related hospital death in the linked electronic health records of 17 million adult NHS patients.,2020-05-07,2020-07-08,True,NATURE,1470.0,99.24812030075188,49.962,True,False
10.1101/2020.06.11.145920,SARS-CoV-2 mRNA Vaccine Development Enabled by Prototype Pathogen Preparedness,2020-06-11,2020-08-05,True,NATURE,332.0,86.71679197994987,49.962,True,False
10.1101/2020.03.12.20034660,Impact assessment of non-pharmaceutical interventions against COVID-19 and influenza in Hong Kong: an observational study,2020-03-16,2020-08-17,True,LANCET PUBLIC HEALTH,458.7938144329897,91.47869674185463,21.648,True,False
10.1101/2020.05.05.20092106,Impact of small-area lockdowns for the control of the COVID-19 pandemic,2020-05-09,,False,,12.0,17.16791979949875,,False,False
10.1101/2020.05.28.20114041,SARS-CoV-2 in environmental samples of quarantined households,2020-06-02,,False,,38.0,39.09774436090225,,False,False
10.1101/2020.06.05.134114,Neuropilin-1 is a host factor for SARS-CoV-2 infection,2020-06-05,2020-11-13,True,SCIENCE,300.0,85.46365914786968,47.728,True,False
10.1101/2020.04.03.20052084,Quantifying the effect of quarantine control in Covid-19 infectious spread using machine learning,2020-04-06,2020-12-11,True,PATTERNS,69.76470588235294,56.39097744360902,0.4,False,True
10.1101/2020.04.08.20058578,The Role of Vitamin D in Suppressing Cytokine Storm in COVID-19 Patients and Associated Mortality,2020-04-10,2020-09-02,True,AGING CLINICAL AND EXPERIMENTAL RESEARCH,140.8771929824561,71.17794486215539,3.638,False,True
10.1101/2020.06.14.151357,The D614G mutation in SARS-CoV-2 Spike increases transduction of multiple human cell types,2020-06-15,2021-02-11,True,ELIFE,44.0,42.60651629072682,8.14,False,True
10.1101/2020.06.03.20121145,"The role of children in the spread of COVID-19: Using household data from Bnei Brak, Israel, to estimate the relative susceptibility and infectivity of children",2020-06-05,2021-02-11,True,PLOS COMPUTATIONAL BIOLOGY,46.0,44.48621553884712,4.475,False,True
10.1101/2020.05.01.20087965,Evidence Supports a Causal Model for Vitamin D in COVID-19 Outcomes,2020-05-06,,False,,17.0,20.92731829573935,,False,False
10.1101/2020.04.27.064774,A SARS-CoV-2 vaccine candidate would likely match all currently circulating strains,2020-04-27,2020-09-22,True,PROCEEDINGS OF THE NATIONAL ACADEMY OF SCIENCES OF THE UNITED STATES OF AMERICA,91.0,61.40350877192983,11.205,True,False
10.1101/2020.03.29.008631,Azithromycin and ciprofloxacin have a chloroquine-like effect on respiratory epithelial cells,2020-03-31,,False,,18.0,22.05513784461153,,False,False
10.1101/2020.05.26.20114124,Seroprevalence of SARS-CoV-2 among children visiting a hospital during the initial Seattle outbreak,2020-05-28,2020-09-01,True,NATURE COMMUNICATIONS,31.0,34.08521303258145,14.919,True,False
10.1101/2020.05.06.081497,A mouse-adapted SARS-CoV-2 model for the evaluation of COVID-19 medical countermeasures,2020-05-07,2020-08-27,True,NATURE,196.0,76.44110275689223,49.962,True,False
10.1101/2020.04.23.20076042,"Features of 16,749 hospitalised UK patients with COVID-19 using the ISARIC WHO Clinical Characterisation Protocol",2020-04-28,2020-05-22,True,BMJ,1401.0,98.99749373433583,39.89,True,False
10.1101/2020.07.07.20148106,Novel SARS-CoV-2 specific antibody and neutralization assays reveal wide range of humoral immune response during COVID-19,2020-07-08,2021-01-29,True,COMMUNICATIONS BIOLOGY,36.0,38.47117794486216,6.268,False,True
10.1101/2020.04.26.20079822,"Estimation of seroprevalence of novel coronavirus disease (COVID-19) using preserved serum at an outpatient setting in Kobe, Japan: A cross-sectional study.",2020-05-01,,False,,8.0,11.2781954887218,,False,False
10.1101/2020.06.18.20134353,IL-13 Predicts the Need for Mechanical Ventilation in COVID-19 Patients,2020-06-20,,False,,1.0,1.503759398496241,,False,False
10.1101/2020.05.13.093195,ChAdOx1 nCoV-19 vaccination prevents SARS-CoV-2 pneumonia in rhesus macaques,2020-05-13,2020-07-30,True,NATURE,449.0,90.47619047619048,49.962,True,False
10.1101/2020.05.21.108506,No evidence for increased transmissibility from recurrent mutations in SARS-CoV-2,2020-05-21,2020-11-25,True,NATURE COMMUNICATIONS,118.0,67.16791979949875,14.919,True,False
10.1101/2020.07.02.20145003,Tissue-specific tolerance in fatal Covid-19,2020-07-04,2020-11-20,True,AMERICAN JOURNAL OF RESPIRATORY AND CRITICAL CARE MEDICINE,90.0,60.90225563909775,21.405,True,False
10.1101/2020.07.20.20157149,Association of contact to small children with mild course of COVID-19,2020-07-26,2020-09-05,True,INTERNATIONAL JOURNAL OF INFECTIOUS DISEASES,5.0,7.393483709273182,3.623,False,True
10.1101/2020.05.11.20086439,Human coronavirus reinfection dynamics: lessons for SARS-CoV-2,2020-05-18,2020-09-14,True,NATURE MEDICINE,290.0,85.21303258145363,53.44,True,False
10.1101/2020.05.31.20114991,The ABO blood group locus and a chromosome 3 gene cluster associate with SARS-CoV-2 respiratory failure in an Italian-Spanish genome-wide association analysis,2020-06-02,,False,,47.0,45.23809523809524,,False,False
10.1101/2020.05.31.20118554,Population-wide evolution of SARS-CoV-2 immunity tracked by a ternary immunoassay,2020-06-02,,False,,10.0,14.16040100250627,,False,False
10.1101/2020.08.01.20166595,Implication of backward contact tracing in the presence of overdispersed transmission in COVID-19 outbreak,2020-08-04,2020-10-13,True,WELLCOME OPEN RESEARCH,28.0,31.57894736842105,2.73,False,True
10.1101/2020.05.28.121640,Single-dose replicating RNA vaccine induces neutralizing antibodies against SARS-CoV-2 in nonhuman primates,2020-05-28,2020-08-05,True,SCIENCE TRANSLATIONAL MEDICINE,65.0,55.26315789473685,17.956,True,False
10.1101/2020.06.24.20135038,Differential occupational risks to healthcare workers from SARS-CoV-2: A prospective observational study,2020-06-29,2020-08-21,True,ELIFE,113.0,65.6641604010025,8.14,False,True
10.1101/2020.02.12.20022418,ACE2 Expression in Kidney and Testis May Cause Kidney and Testis Damage After 2019-nCoV Infection,2020-02-13,2021-01-13,True,FRONTIERS IN MEDICINE,182.4444444444445,74.93734335839599,5.093,False,True
10.1101/2020.07.16.20127357,"Contact tracing during Phase I of the COVID-19 pandemic in the Province of Trento, Italy: key findings and recommendations",2020-07-29,,False,,20.0,23.68421052631579,,False,False
10.1101/2020.04.22.20073551,"Relative disease burdens of COVID-19 and seasonal influenza in New York City, February 1 - April 18, 2020.",2020-04-27,,False,,4.0,5.764411027568922,,False,False
10.1101/2020.04.13.20063784,Comparative dynamic aerosol efficiencies of three emergent coronaviruses and the unusual persistence of SARS-CoV-2 in aerosol suspensions,2020-04-18,2020-09-15,True,EMERGING INFECTIOUS DISEASES,228.0676048164805,78.94736842105263,6.883,False,True
10.1101/2020.06.08.20124834,Genomic epidemiology of SARS-CoV-2 spread in Scotland highlights the role of European travel in COVID-19 emergence,2020-06-09,2020-12-21,True,NATURE MICROBIOLOGY,27.0,30.57644110275689,17.745,True,False
10.1101/2020.04.11.20062018,Assessment of N95 respirator decontamination and re-use for SARS-CoV-2,2020-04-15,2020-06-03,True,EMERGING INFECTIOUS DISEASES,145.9285714285714,72.18045112781954,6.883,False,True
10.1101/2020.08.17.255166,Seeding of outbreaks of COVID-19 by contaminated fresh and frozen food,2020-08-18,,False,,47.0,45.23809523809524,,False,False
10.1101/2020.08.24.265090,Induction of SARS-CoV-2 protein S-specific CD8+ T cells in the lungs of gp96-Ig-S vaccinated mice,2020-08-24,2021-01-26,True,FRONTIERS IN IMMUNOLOGY,1.0,1.503759398496241,7.561,False,True
10.1101/2020.06.26.20140731,"SARS-CoV-2 in human sewage in Santa Catalina, Brazil, November 2019",2020-06-29,2021-03-08,True,SCIENCE OF THE TOTAL ENVIRONMENT,41.0,40.85213032581454,7.963,False,True
10.1101/2020.07.17.20155846,Association between consumption of vegetables and COVID-19 mortality at a country level in Europe,2020-07-18,,False,,16.0,20.05012531328321,,False,False
10.1101/2020.04.18.20071134,Cluster of COVID-19 in northern France: A retrospective closed cohort study,2020-04-23,,False,,45.0,43.734335839599,,False,False
10.1101/2020.06.25.20140178,SARS-CoV-2 infection in primary schools in northern France: A retrospective cohort study in an area of high transmission,2020-06-29,2021-04-15,True,EUROSURVEILLANCE,59.0,51.75438596491229,6.307,False,True
10.1101/2020.04.06.20050575,Pulmonary and Cardiac Pathology in Covid-19: The First Autopsy Series from New Orleans,2020-04-10,2020-05-27,True,LANCET RESPIRATORY MEDICINE,622.6479166666667,95.48872180451127,30.7,True,False
10.1101/2020.05.04.20089995,Evidence of a significant secretory-IgA-dominant SARS-CoV-2 immune response in human milk following recovery from COVID-19,2020-05-08,2020-11-20,True,ISCIENCE,80.0,59.77443609022557,5.458,False,True
10.1101/2020.04.10.20053207,"Homologous protein domains in SARS-CoV-2 and measles, mumps and rubella viruses: preliminary evidence that MMR vaccine might provide protection against COVID-19",2020-04-10,,False,,36.0,38.47117794486216,,False,False
10.1101/2020.05.22.111294,Preprinting a pandemic: the role of preprints in the COVID-19 pandemic,2020-05-23,2021-04-02,True,PLOS BIOLOGY,53.0,48.7468671679198,8.029,False,True
10.1101/2020.06.21.20132449,Intrafamilial Exposure to SARS-CoV-2 Induces Cellular Immune Response without Seroconversion,2020-06-22,2021-01-01,True,EMERGING INFECTIOUS DISEASES,90.0,60.90225563909775,6.883,False,True
10.1101/2020.04.24.059576,Introductions and early spread of SARS-CoV-2 in France,2020-04-24,2020-07-02,True,EUROSURVEILLANCE,32.0,34.71177944862156,6.307,False,True
10.1101/2020.03.05.20031815,Estimating the generation interval for COVID-19 based on symptom onset data,2020-03-08,2020-04-30,True,EUROSURVEILLANCE,277.5384615384615,83.70927318295739,6.307,False,True
10.1101/2020.04.17.046375,Rapid development of an inactivated vaccine for SARS-CoV-2,2020-04-19,2020-07-03,True,SCIENCE,556.3636363636364,93.734335839599,47.728,True,False
10.1101/2020.04.11.20062133,Intervention strategies against COVID-19 and their estimated impact on Swedish healthcare capacity,2020-04-15,,False,,3.399999999999999,5.012531328320802,,False,False
10.1101/2020.08.05.20168930,Genomic epidemiology reveals transmission patterns and dynamics of SARS-CoV-2 in Aotearoa New Zealand,2020-08-06,2020-12-11,True,NATURE COMMUNICATIONS,51.0,47.86967418546366,14.919,True,False
10.1101/2020.07.01.20139857,Convalescent Plasma for COVID-19. A randomized clinical trial,2020-07-03,2021-05-27,True,NATURE COMMUNICATIONS,4.0,5.764411027568922,14.919,True,False
10.1101/2020.05.12.091082,Androgen regulates SARS-CoV-2 receptor levels and is associated with severe COVID-19 symptoms in men,2020-05-12,2020-12-03,True,CELL STEM CELL,51.0,47.86967418546366,24.633,True,False
10.1101/2020.05.11.088724,"A Rapid, Cost-Effective Tailed Amplicon Method for Sequencing SARS-CoV-2",2020-05-11,2020-12-04,True,BMC GENOMICS,11.0,15.6641604010025,3.969,False,True
10.1101/2020.07.19.20157362,"On the effect of age on the transmission of SARS-CoV-2 in households, schools and the community",2020-07-24,2020-10-29,True,THE JOURNAL OF INFECTIOUS DISEASES,118.0,67.16791979949875,5.226,False,True
10.1101/2020.04.27.20081893,Individual variation in susceptibility or exposure to SARS-CoV-2 lowers the herd immunity threshold,2020-05-02,,False,,141.0,71.55388471177945,,False,False
10.1101/2020.05.19.097410,The impact of super-spreaders in COVID-19: mapping genome variation worldwide,2020-05-19,2020-09-02,True,GENOME RESEARCH,43.0,41.72932330827068,9.043,False,True
10.1101/2020.08.18.20172874,"The Prognostic Value of Eosinophil Recovery in COVID-19: A Multicentre, Retrospective Cohort Study on Patients Hospitalised in Spanish Hospitals.",2020-08-21,2021-01-15,True,JOURNAL OF CLINICAL MEDICINE,7.0,9.774436090225564,4.242,False,True
10.1101/2020.07.07.20145979,Effectiveness of Ivermectin as add-on Therapy in COVID-19 Management (Pilot Trial),2020-07-08,,False,,30.0,33.20802005012531,,False,False
10.1101/2020.06.18.20134858,"Practical considerations for measuring the effective reproductive number, Rt",2020-06-21,2020-12-10,True,PLOS COMPUTATIONAL BIOLOGY,126.0,68.29573934837093,4.475,False,True
10.1101/2020.08.07.20169920,"Wrong person, place and time: viral load and contact network structure predict SARS-CoV-2 transmission and super-spreading events",2020-08-07,2021-02-23,True,ELIFE,50.0,47.11779448621554,8.14,False,True
10.1101/2020.06.20.159715,Evaluation of the immunogenicity of prime-boost vaccination with the replication-deficient viral vectored COVID-19 vaccine candidate ChAdOx1 nCoV-19,2020-06-20,2020-07-27,True,NPJ VACCINES,57.0,50.87719298245614,7.344,False,True
10.1101/2020.05.11.20098780,Estimating the Global Infection Fatality Rate of COVID-19,2020-05-18,,False,,21.0,25.43859649122807,,False,False
10.1101/2020.05.04.20090506,Collider bias undermines our understanding of COVID-19 disease risk and severity,2020-05-08,2020-11-12,True,NATURE COMMUNICATIONS,137.0,70.67669172932331,14.919,True,False
10.1101/2020.06.24.20138768,Randomized Re-Opening of Training Facilities during the COVID-19 pandemic,2020-06-24,,False,,1.0,1.503759398496241,,False,False
10.1101/2020.07.24.20149815,Systematic evaluation and external validation of 22 prognostic models among hospitalised adults with COVID-19: An observational cohort study,2020-07-26,2020-12-24,True,EUROPEAN RESPIRATORY JOURNAL,65.0,55.26315789473685,16.671,True,False
10.1101/2020.05.07.20083386,"A Rapid Decrease in Stroke, Acute Coronary Syndrome, and Corresponding Interventions at 65 United States Hospitals Following Emergence of COVID-19",2020-05-11,,False,,14.0,18.54636591478697,,False,False
10.1101/2020.05.22.20109793,Changes in premature birth rates during the Danish nationwide COVID-19 lockdown: a nationwide register-based prevalence proportion study,2020-05-23,2020-08-11,True,ARCHIVES OF DISEASE IN CHILDHOOD - FETAL AND NEONATAL EDITION,63.4516129032258,54.63659147869674,5.747,False,True
10.1101/2020.06.03.20116988,Low-Dose Whole-Lung Radiation for COVID-19 Pneumonia: Planned Day-7 Interim Analysis of a Registered Clinical Trial,2020-06-08,2020-12-01,True,CANCER,94.0,61.90476190476191,6.86,False,True
10.1101/2020.07.13.190140,Anti-SARS-CoV-2 IgG from severely ill COVID-19 patients promotes macrophage hyper-inflammatory responses,2020-07-13,2021-06-02,True,SCIENCE TRANSLATIONAL MEDICINE,4.0,5.764411027568922,17.956,True,False
10.1101/2020.07.15.20151852,"Effect of Hydroxychloroquine in Hospitalized Patients with COVID-19: Preliminary results from a multi-centre, randomized, controlled trial.",2020-07-15,2020-11-19,True,NEW ENGLAND JOURNAL OF MEDICINE,507.0,93.10776942355889,91.245,True,False
10.1101/2020.08.24.20180661,FLOW CYTOMETRY MULTIPLEXED METHOD FOR THE DETECTION OF NEUTRALIZING HUMAN ANTIBODIES TO THE NATIVE SARS-CoV-2 SPIKE PROTEIN,2020-08-25,2021-02-17,True,EMBO MOLECULAR MEDICINE,6.0,8.771929824561402,12.137,True,False
10.1101/2020.06.26.20141085,"Identification of SARS-CoV-2 RNA in Healthcare Heating, Ventilation, and Air Conditioning Units",2020-06-28,,False,,8.0,11.2781954887218,,False,False
10.1101/2020.06.08.20120584,SARS-CoV-2 virus and antibodies in front-line Health Care Workers in an acute hospital in London: preliminary results from a longitudinal study,2020-06-09,,False,,30.0,33.20802005012531,,False,False
10.1101/2020.04.14.20065771,"A systematic review of antibody mediated immunity to coronaviruses: antibody kinetics, correlates of protection, and association of antibody responses with severity of disease",2020-04-17,2020-09-17,True,NATURE COMMUNICATIONS,374.3058961509756,88.7218045112782,14.919,True,False
10.1101/2020.05.01.20088260,Impact of non-pharmaceutical interventions against COVID-19 in Europe: a quasi-experimental study,2020-05-06,,False,,7.0,9.774436090225564,,False,False
10.1101/2020.06.05.098590,"Coronavirus testing indicates transmission risk increases along wildlife supply chains for human consumption in Viet Nam, 2013-2014",2020-06-09,2020-10-08,True,PLOS ONE,27.0,30.57644110275689,3.24,False,True
10.1101/2020.08.18.20166835,SARS-CoV-2 Infections Among Children in the Biospecimens from Respiratory Virus-Exposed Kids (BRAVE Kids) Study,2020-08-21,2020-11-03,True,CLINICAL INFECTIOUS DISEASES,34.0,36.96741854636591,9.079,False,True
10.1101/2020.05.13.20101253,The infection fatality rate of COVID-19 inferred from seroprevalence data,2020-05-19,2020-10-14,True,BULLETIN OF THE WORLD HEALTH ORGANIZATION,172.0,74.18546365914787,9.408,False,True
10.1101/2020.08.20.20178772,Hydroxychloroquine in the treatment of outpatients with mildly symptomatic COVID-19: A multi-center observational study,2020-08-25,2021-01-14,True,BMC INFECTIOUS DISEASES,18.0,22.05513784461153,3.09,False,True
10.1101/2020.08.01.20166553,Evidence for sustained mucosal and systemic antibody responses to SARS-CoV-2 antigens in COVID-19 patients,2020-08-04,2020-10-08,True,SCIENCE IMMUNOLOGY,284.0,84.21052631578947,17.727,True,False
10.1101/2020.08.21.20178574,SARS-CoV-2 infection and transmission in educational settings: cross-sectional analysis of clusters and outbreaks in England,2020-08-24,2020-12-08,True,LANCET INFECTIOUS DISEASES,161.0,73.43358395989975,25.071,True,False
10.1101/2020.07.18.20155374,Dynamics and significance of the antibody response to SARS-CoV-2 infection,2020-07-20,2020-10-08,True,SCIENCE IMMUNOLOGY,325.0,86.21553884711778,17.727,True,False
10.1101/2020.07.15.20154518,Viral load of SARS-CoV-2 across patients and compared to other respiratory viruses,2020-07-16,2020-09-07,True,MICROBES AND INFECTION,71.0,56.89223057644111,2.7,False,True
10.1101/2020.08.07.20161737,"LamPORE: rapid, accurate and highly scalable molecular screening for SARS-CoV-2 infection, based on nanopore sequencing",2020-08-11,,False,,27.0,30.57644110275689,,False,False
10.1101/2020.04.09.034967,Comparative ACE2 variation and primate COVID-19 risk,2020-04-11,2020-10-27,True,COMMUNICATIONS BIOLOGY,59.47826086956522,52.13032581453633,6.268,False,True
10.1101/2020.03.30.20047217,"Physical interventions to interrupt or reduce the spread of respiratory viruses. Part 1 - Face masks, eye protection and person distancing: systematic review and meta-analysis",2020-03-30,,False,,48.95999999999999,46.36591478696742,,False,False
10.1101/2020.08.04.20167932,Viral cultures for COVID-19 infectivity assessment. Systematic review,2020-08-04,2020-12-03,True,CLINICAL INFECTIOUS DISEASES,141.0,71.55388471177945,9.079,False,True
10.1101/2020.04.09.034942,Analysis of the mutation dynamics of SARS-CoV-2 reveals the spread history and emergence of RBD mutant with lower ACE2 binding affinity,2020-04-11,,False,,44.30769230769231,43.35839598997494,,False,False
10.1101/2020.04.01.021196,SARS-CoV-2 neutralizing serum antibodies in cats: a serological investigation,2020-04-03,2020-09-17,True,EMERGING MICROBES & INFECTIONS,141.2791591899513,71.9298245614035,7.163,False,True
10.1101/2020.04.11.20056010,Household Secondary Attack Rate of COVID-19 and Associated Determinants,2020-04-15,2020-06-17,True,LANCET INFECTIOUS DISEASES,250.3296703296703,81.203007518797,25.071,True,False
10.1101/2020.06.08.20125484,An analysis of SARS-CoV-2 viral load by patient age,2020-06-09,,False,,194.0,76.19047619047619,,False,False
10.1101/2020.07.29.20162917,Evidence favouring the efficacy of convalescent plasma for COVID-19 therapy,2020-07-30,2021-02-17,True,MAYO CLINIC PROCEEDINGS,20.0,23.68421052631579,7.619,False,True
10.1101/2020.08.12.20169359,Effect of Convalescent Plasma on Mortality among Hospitalized Patients with COVID-19: Initial Three-Month Experience,2020-08-12,,False,,239.0,79.9498746867168,,False,False
10.1101/2020.03.21.990770,Potent human neutralizing antibodies elicited by SARS-CoV-2 infection,2020-03-25,2020-05-26,True,NATURE,567.7620967741935,94.23558897243107,49.962,True,False
10.1101/2020.05.26.115923,T-cell hyperactivation and paralysis in severe COVID-19 infection revealed by single-cell analysis,2020-05-26,2020-10-08,True,FRONTIERS IN IMMUNOLOGY,29.0,32.20551378446115,7.561,False,True
10.1101/2020.03.25.20043679,Epidemiological Tools that Predict Partial Herd Immunity to SARS Coronavirus 2,2020-03-27,,False,,5.0,7.393483709273182,,False,False
10.1101/2020.06.08.20125310,Shedding of infectious virus in hospitalized patients with coronavirus disease-2019 (COVID-19): duration and key determinants,2020-06-09,2021-01-11,True,NATURE COMMUNICATIONS,244.0,80.57644110275689,14.919,True,False
10.1101/2020.08.24.264077,An hACE2 peptide mimic blocks SARS-CoV-2 Pulmonary Cell Infection,2020-08-24,2021-02-12,True,COMMUNICATIONS BIOLOGY,24.0,28.07017543859649,6.268,False,True
10.1101/2020.06.11.20128884,Stability of SARS-CoV-2 on Critical Personal Protective Equipment,2020-06-12,2021-01-13,True,SCIENTIFIC REPORTS,30.0,33.20802005012531,4.38,False,True
10.1101/2020.06.02.20120014,Viral load dynamics in transmissible symptomatic patients with COVID-19,2020-06-04,,False,,7.0,9.774436090225564,,False,False
10.1101/2020.06.23.166397,"Scalable, rapid and highly sensitive isothermal detection of SARS-CoV-2 for laboratory and home testing",2020-06-23,,False,,15.0,19.42355889724311,,False,False
10.1101/2020.07.11.20147157,Effects of environmental factors on severity and mortality of COVID-19,2020-07-14,2021-01-20,True,FRONTIERS IN MEDICINE,17.0,20.92731829573935,5.093,False,True
10.1101/2020.05.15.20103531,IL6 inhibition in critically ill COVID-19 patients is associated with increased secondary infections,2020-05-20,2020-10-28,True,FRONTIERS IN MEDICINE,46.0,44.48621553884712,5.093,False,True
10.1101/2020.03.04.20031112,Projecting the transmission dynamics of SARS-CoV-2 through the post-pandemic period,2020-03-06,2020-05-22,True,SCIENCE,1183.403341288783,98.24561403508771,47.728,True,False
10.1101/2020.03.22.20041079,Social distancing strategies for curbing the COVID-19 epidemic,2020-03-24,2020-05-22,True,SCIENCE,1395.111111111111,98.74686716791979,47.728,True,False
10.1101/2020.06.23.167064,SARS-CoV-2 structure and replication characterized by in situ cryo-electron tomography,2020-06-23,2020-11-18,True,NATURE COMMUNICATIONS,114.0,66.04010025062657,14.919,True,False
10.1101/2020.08.20.20178533,High SARS-CoV-2 Seroprevalence in Children and Adults in the Austrian Ski Resort Ischgl,2020-08-22,2021-06-30,True,COMMUNICATIONS MEDICINE,18.0,22.05513784461153,,False,False
10.1101/2020.07.28.20164004,SARS-CoV-2 detection with de novo designed synthetic riboregulators,2020-07-30,,False,,1.0,1.503759398496241,,False,False
10.1101/2020.05.11.088179,SARS-CoV-2 ORF3b is a potent interferon antagonist whose activity is further increased by a naturally occurring elongation variant,2020-05-12,2020-09-22,True,CELL REPORTS,128.0,68.67167919799499,9.423,False,True
10.1101/2020.04.29.069054,Spike mutation pipeline reveals the emergence of a more transmissible form of SARS-CoV-2,2020-04-30,2020-07-02,True,CELL,1639.0,99.49874686716792,41.582,True,False
10.1101/2020.03.09.20032896,First 12 patients with coronavirus disease 2019 (COVID-19) in the United States,2020-03-12,,False,,206.6645161290323,76.94235588972431,,False,False
10.1101/2020.04.26.20081315,"First peak of COVID-19 outbreak in Japan might pass as of April 26, 2020",2020-05-01,,False,,5.0,7.393483709273182,,False,False
10.1101/2020.08.10.20171413,High prevalence of SARS-CoV-2 antibodies in care homes affected by COVID-19; a prospective cohort study in England,2020-08-12,2020-11-05,True,ECLINICALMEDICINE,37.0,38.84711779448622,3.49,False,True
10.1101/2020.03.03.20029843,Effect of non-pharmaceutical interventions for containing the COVID-19 outbreak: an observational and modelling study,2020-03-06,2020-05-04,True,NATURE,363.6862170087976,88.22055137844612,49.962,True,False
10.1101/2020.06.22.20136309,Surveillance testing of SARS-CoV-2,2020-06-25,,False,,39.0,39.47368421052632,,False,False
10.1101/2020.04.09.20056325,Evaluation of nine commercial SARS-CoV-2 immunoassays,2020-04-10,,False,,176.2340425531915,74.68671679197995,,False,False
10.1101/2020.06.20.20130476,"Characterizing super-spreading events and age-specific infectivity of COVID-19 transmission in Georgia, USA",2020-06-22,2020-09-08,True,PROCEEDINGS OF THE NATIONAL ACADEMY OF SCIENCES OF THE UNITED STATES OF AMERICA,70.0,56.64160401002506,11.205,True,False
10.1101/2020.04.17.20053157,"Suppression of COVID-19 outbreak in the municipality of Vo, Italy",2020-04-18,2020-06-30,True,NATURE,671.4271244409365,96.2406015037594,49.962,True,False
10.1101/2020.07.14.20153643,Epidemiology and transmission dynamics of COVID-19 in two Indian states,2020-07-17,2020-11-06,True,SCIENCE,219.0,77.69423558897243,47.728,True,False
10.1101/2020.08.03.20167395,Viable SARS-CoV-2 in the air of a hospital room with COVID-19 patients,2020-08-04,2020-09-16,True,INTERNATIONAL JOURNAL OF INFECTIOUS DISEASES,271.0,82.70676691729322,3.623,False,True
10.1101/2020.06.19.158717,No evidence of coronaviruses or other potentially zoonotic viruses in Sunda pangolins (Manis javanica) entering the wildlife trade via Malaysia.,2020-06-19,2020-11-23,True,ECOHEALTH,40.0,40.35087719298245,3.184,False,True
10.1101/2020.05.22.20109231,"Association of country-wide coronavirus mortality with demographics, testing, lockdowns, and public wearing of masks.",2020-05-25,2020-12-10,True,THE AMERICAN JOURNAL OF TROPICAL MEDICINE AND HYGIENE,72.0,57.14285714285714,2.345,False,True
10.1101/2020.08.23.20178236,Phylogenetic analysis of SARS-CoV-2 in the Boston area highlights the role of recurrent importation and superspreading events,2020-08-25,,False,,33.0,35.83959899749373,,False,False
10.1101/2020.07.20.20157792,"Comparison of viral levels in individuals with or without symptoms at time of COVID-19 testing among 32,480 residents and staff of nursing homes and assisted living facilities in Massachusetts.",2020-07-26,2021-07-13,True,THE JOURNAL OF INFECTIOUS DISEASES,26.0,29.69924812030075,5.226,False,True
10.1101/2020.07.23.20160895,ASSESSING THE AGE SPECIFICITY OF INFECTION FATALITY RATES FOR COVID-19: META-ANALYSIS & PUBLIC POLICY IMPLICATIONS,2020-07-24,2020-12-08,True,EUROPEAN JOURNAL OF EPIDEMIOLOGY,258.0,81.70426065162907,8.802,False,True
10.1101/2020.06.26.20140814,Predicting the Trajectory of Any COVID19 Epidemic From the Best Straight Line,2020-06-28,,False,,10.0,14.16040100250627,,False,False
10.1101/2020.05.21.20109652,"COVID-19 receptor ACE2 is expressed in human conjunctival tissue, expecially in diseased conjunctival tissue",2020-05-23,2020-09-28,True,THE OCULAR SURFACE,9.0,12.90726817042606,5.033,False,True
10.1101/2020.04.16.20067728,Evidence for probable aerosol transmission of SARS-CoV-2 in a poorly ventilated restaurant,2020-04-22,2021-03-13,True,BUILDING AND ENVIRONMENT,116.0,66.54135338345864,6.456,False,True
10.1101/2020.06.30.20143255,Handyfuge-LAMP: low-cost and electricity-free centrifugation forisothermal SARS-CoV-2 detection in saliva.,2020-07-01,,False,,3.0,4.260651629072681,,False,False
10.1101/2020.01.25.919787,Transmission dynamics of 2019 novel coronavirus (2019-nCoV),2020-01-26,2020-11-03,True,INTERNATIONAL JOURNAL OF INFECTIOUS DISEASES,45.81818181818182,44.11027568922306,3.623,False,True
10.1101/2020.03.08.982637,Aerodynamic Characteristics and RNA Concentration of SARS-CoV-2 Aerosol in Wuhan Hospitals during COVID-19 Outbreak,2020-03-10,2020-04-27,True,NATURE,1331.856140350877,98.49624060150376,49.962,True,False
10.1101/2020.05.20.20102236,Convalescent plasma treatment of severe COVID-19: A matched control study,2020-05-22,2020-09-15,True,NATURE MEDICINE,264.0,82.45614035087719,53.44,True,False
10.1101/2020.08.06.20169573,"Beneficial effects of colchicine for moderate to severe COVID-19: an interim analysis of a randomized, double-blinded, placebo controlled clinical trial",2020-08-11,2021-02-04,True,RMD OPEN,61.0,52.63157894736842,5.117,False,True
10.1101/2020.07.16.20155119,Aerosol filtering efficiency of respiratory face masks used during the COVID-19 pandemic,2020-07-21,,False,,1.0,1.503759398496241,,False,False
10.1101/2020.03.24.20042291,Fundamental principles of epidemic spread highlight the immediate need forlarge-scale serological surveys to assess the stage of the SARS-CoV-2 epidemic,2020-03-26,,False,,106.2727272727273,64.16040100250626,,False,False
10.1101/2020.07.15.20154294,The impact of host resistance on cumulative mortality and the threshold of herd immunity for SARS-CoV-2,2020-07-16,,False,,19.0,22.80701754385965,,False,False
10.1101/2020.06.23.20138289,Longitudinal immunological analyses reveal inflammatory misfiring in severe COVID-19 patients,2020-06-24,2020-07-27,True,NATURE,588.0,95.23809523809523,49.962,True,False
10.1101/2020.02.12.20022467,The role of absolute humidity on transmission rates of the COVID-19 outbreak,2020-02-17,,False,,76.74193548387096,58.89724310776943,,False,False
10.1101/2020.05.28.118992,SARS-CoV-2 genomics beyond the consensus sequence: evidence for circulating mixed viral populations,2020-05-28,2021-04-16,True,SCIENCE,13.0,17.79448621553885,47.728,True,False
10.1101/2020.03.21.20037267,Effect of SARS-CoV-2 infection upon male gonadal function: A single center-based study,2020-03-24,,False,,121.3265306122449,67.66917293233082,,False,False
10.1101/2020.05.31.20115154,Exhaled breath is a significant source of SARS-CoV-2 emission,2020-06-02,2020-08-28,True,CLINICAL INFECTIOUS DISEASES,99.0,63.1578947368421,9.079,False,True
10.1101/2020.06.23.20137992,Hydroxychloroquine serum concentrations in non-critical care patients infected with SARS CoV 2,2020-06-23,2021-01-15,True,JOURNAL OF GLOBAL ANTIMICROBIAL RESISTANCE,6.0,8.771929824561402,4.035,False,True
10.1101/2020.05.28.122366,"Evidence of significant natural selection in the evolution of SARS-CoV-2 in bats, not humans",2020-05-29,2021-03-12,True,PLOS BIOLOGY,22.0,27.19298245614035,8.029,False,True
10.1101/2020.07.29.20164590,Household transmission of SARS-CoV-2: a systematic review and meta-analysis of secondary attack rate,2020-08-01,2020-12-14,True,JAMA NETWORK OPEN,215.0,77.44360902255639,8.485,False,True
10.1101/2020.04.10.20060699,No evidence of clinical efficacy of hydroxychloroquine in patients hospitalized for COVID-19 infection with oxygen requirement: results of a study using routinely collected data to emulate a target trial,2020-04-14,2020-05-14,True,BMJ,458.7853658536586,91.22807017543859,39.89,True,False
10.1101/2020.05.21.20109389,COVID-19 Confirmed Case Incidence Age Shift to Young Persons Age 0-19 and 20-39 Years Over Time: Washington State March - April 2020,2020-05-23,2021-03-24,True,PLOS ONE,8.0,11.2781954887218,3.24,False,True
10.1101/2020.02.22.20026500,"Neurological Manifestations of Hospitalized Patients with COVID-19 in Wuhan, China: a retrospective case series study",2020-02-25,2020-10-04,True,JAMA NEUROLOGY,2797.833370483196,99.74937343358395,18.302,True,False
10.1101/2020.08.30.274464,"SARS-CoV-2 infects human pluripotent stem cell-derived cardiomyocytes, impairing electrical and mechanical function",2020-08-30,2021-03-09,True,STEM CELL REPORTS,16.0,20.05012531328321,7.765,False,True
10.1101/2020.05.20.106401,Deep immune profiling of COVID-19 patients reveals patient heterogeneity and distinct immunotypes with implications for therapeutic interventions,2020-05-23,2020-09-04,True,SCIENCE,491.0,91.72932330827066,47.728,True,False
10.1101/2020.05.08.20095893,Association of Vitamin D Deficiency and Treatment with COVID-19 Incidence,2020-05-13,2020-09-03,True,JAMA NETWORK OPEN,224.0,78.69674185463658,8.485,False,True
10.1101/2020.04.28.20083675,BRAZIL IS PROJECTED TO BE THE NEXT GLOBAL COVID-19 PANDEMIC EPICENTER,2020-05-05,,False,,12.0,17.16791979949875,,False,False
10.1101/2020.04.11.20061473,An experimental trial of recombinant human interferon alpha nasal drops to prevent coronavirus disease 2019 in medical staff in an epidemic area,2020-04-17,2021-04-28,False,,39.81818181818182,40.10025062656641,,False,False
10.1101/2020.04.24.20078717,Full lockdown policies in Western Europe countries have no evident impacts on the COVID-19 epidemic.,2020-05-01,,False,,21.0,25.43859649122807,,False,False
10.1101/2020.05.03.20089854,A systematic review and meta-analysis of published research data on COVID-19 infection-fatality rates,2020-05-06,2020-12-10,True,INTERNATIONAL JOURNAL OF INFECTIOUS DISEASES,183.0,75.31328320802005,3.623,False,True
10.1101/2020.07.16.20150250,A community-deployable SARS-CoV-2 screening test using raw saliva with 45 minutes sample-to-results turnaround,2020-07-17,2021-03-29,True,ELIFE,8.0,11.2781954887218,8.14,False,True
10.1101/2020.03.24.20042937,Correlation between universal BCG vaccination policy and reduced morbidity and mortality for COVID-19: an epidemiological study,2020-03-28,2020-09-26,True,INDOOR AIR,454.1149789029536,90.97744360902256,5.77,False,True
10.1101/2020.05.21.20104521,Full genome viral sequences inform patterns of SARS-CoV-2 spread into and within Israel,2020-05-22,2020-11-02,True,NATURE COMMUNICATIONS,62.0,53.75939849624061,14.919,True,False
10.1101/2020.06.15.20132027,Transmission of SARS-CoV-2 by inhalation of respiratory aerosol in the Skagit Valley Chorale superspreading event,2020-06-17,2020-09-26,True,INDOOR AIR,186.0,75.6892230576441,5.77,False,True
10.1101/2020.07.20.20157651,A Cluster-Randomized Trial of Hydroxychloroquine as Prevention of Covid-19 Transmission and Disease,2020-07-26,2021-02-04,True,NEW ENGLAND JOURNAL OF MEDICINE,116.0,66.54135338345864,91.245,True,False
10.1101/2020.06.10.20127514,Low rate of daily smokers in patients with symptomatic COVID-19,2020-06-12,,False,,9.0,12.90726817042606,,False,False
10.1101/2020.06.22.20137745,Face mask wearing rate predicts country's COVID-19 death rates,2020-06-23,,False,,1.0,1.503759398496241,,False,False
10.1101/2020.04.15.20067074,Total COVID-19 Mortality in Italy: Excess Mortality and Age Dependence through Time-Series Analysis,2020-04-20,,False,,62.0,53.75939849624061,,False,False
10.1101/2020.05.10.20096909,EXCESS MORTALITY FROM COVID-19. WEEKLY EXCESS DEATH RATES BY AGE AND SEX FOR SWEDEN.,2020-05-15,2020-11-10,True,EUROPEAN JOURNAL OF PUBLIC HEALTH,21.0,25.43859649122807,3.367,False,True
10.1101/2020.08.16.20175752,Hydroxychloroquine Safety Outcome within Approved Therapeutic Protocol for COVID-19 Outpatients in Saudi Arabia,2020-08-17,2020-10-17,True,INTERNATIONAL JOURNAL OF INFECTIOUS DISEASES,2.0,3.383458646616541,3.623,False,True
10.1101/2020.06.21.162396,"Calcitriol, the active form of vitamin D, is a promising candidate for COVID-19 prophylaxis",2020-06-22,,False,,34.0,36.96741854636591,,False,False
10.1101/2020.06.30.20143586,Does Lockdown Decrease the Protective Role of ultraviolet-B (UVB) Radiation in Reducing COVID-19 Deaths?,2020-07-02,2020-10-19,True,SCIENTIFIC REPORTS,33.0,35.83959899749373,4.38,False,True
10.1101/2020.04.17.20069567,Assessment of Fabric Masks as Alternatives to Standard Surgical Masks in Terms of Particle Filtration Efficiency,2020-04-22,2020-07-09,True,MATTER,61.0,52.63157894736842,15.589,True,False
10.1101/2020.06.30.20142570,Phase 1/2 Study to Describe the Safety and Immunogenicity of a COVID-19 RNA Vaccine Candidate (BNT162b1) in Adults 18 to 55 Years of Age: Interim Report,2020-07-01,2020-08-12,True,NATURE,630.0,95.73934837092732,49.962,True,False
10.1101/2020.04.19.049254,"Integrated analyses of single-cell atlases reveal age, gender, and smoking status associations with cell type-specific expression of mediators of SARS-CoV-2 viral entry and highlights inflammatory programs in putative target cells",2020-04-20,,False,,129.0,69.17293233082707,,False,False
10.1101/2020.04.28.066761,Heparin inhibits cellular invasion by SARS-CoV-2: structural dependence of the interaction of the surface protein (spike) S1 receptor binding domain with heparin.,2020-04-28,2020-12-10,True,THROMBOSIS AND HAEMOSTASIS,56.0,50.6265664160401,5.723,False,True
10.1101/2020.07.03.20145797,Dengue antibodies can cross-react with SARS-CoV-2 and vice versa-Antibody detection kits can give false-positive results for both viruses in regions where both COVID-19 and Dengue co-exist,2020-07-06,2021-06-10,True,JOURNAL OF MEDICAL MICROBIOLOGY,11.0,15.6641604010025,2.472,False,True
10.1101/2020.07.20.20155945,"Seroprevalence of SARS-CoV-2 IgG Antibodies in Utsunomiya City, Greater Tokyo, after first pandemic in 2020 (U-CORONA): a household- and population-based study",2020-07-26,,False,,14.0,18.54636591478697,,False,False
10.1101/2020.04.15.20067017,Heparin therapy improving hypoxia in COVID-19 patients - a case series,2020-04-20,2020-10-19,True,FRONTIERS IN PHYSIOLOGY,54.0,49.49874686716792,4.566,False,True
10.1101/2020.07.23.20160820,"Clinical Impact, Costs, and Cost-Effectiveness of Expanded SARS-CoV-2 Testing in Massachusetts",2020-07-24,2020-09-18,True,CLINICAL INFECTIOUS DISEASES,24.0,28.07017543859649,9.079,False,True
10.1101/2020.05.14.095414,Pre-existing and de novo humoral immunity to SARS-CoV-2 in humans,2020-05-15,2020-12-11,True,SCIENCE,257.0,81.45363408521304,47.728,True,False
10.1101/2020.02.28.20029272,Closed environments facilitate secondary transmission of coronavirus disease 2019 (COVID-19),2020-03-03,,False,,112.1208791208791,65.41353383458647,,False,False
10.1101/2020.08.24.20180851,Age-specific mortality and immunity patterns of SARS-CoV-2 infection in 45 countries,2020-08-26,2020-11-02,True,NATURE,288.0,84.9624060150376,49.962,True,False
10.1101/2020.07.15.20154690,The First Consecutive 5000 Patients with Coronavirus Disease 2019 from Qatar; a Nation-wide Cohort Study,2020-07-16,2020-10-19,True,BMC INFECTIOUS DISEASES,11.0,15.6641604010025,3.09,False,True
10.1101/2020.05.18.101493,"SARS-CoV2 infection in farmed mink, Netherlands, April 2020",2020-05-18,2020-06-04,True,EUROSURVEILLANCE,303.1794871794872,85.71428571428571,6.307,False,True
10.1101/2020.05.08.20095943,"Epidemiological, socio-demographic and clinical features of the early phase of the COVID-19 epidemic in Ecuador",2020-05-13,2021-01-04,True,PLOS NEGLECTED TROPICAL DISEASES,24.0,28.07017543859649,4.411,False,True
10.1101/2020.06.10.20101105,A short therapeutic regimen based on hydroxychloroquine plus azithromycin for the treatment of COVID-19 in patients with non-severe disease. A strategy associated with a reduction in hospital admissions and complications.,2020-06-12,,False,,1.0,1.503759398496241,,False,False
10.1101/2020.08.03.20165233,Simply saliva: stability of SARS-CoV-2 detection negates the need for expensive collection devices,2020-08-04,2021-02-25,True,EMERGING INFECTIOUS DISEASES,33.0,35.83959899749373,6.883,False,True
10.1101/2020.08.25.265561,SARS-CoV-2 infection of human iPSC-derived cardiac cells predicts novel cytopathic features in hearts of COVID-19 patients,2020-08-25,2021-04-21,True,SCIENCE TRANSLATIONAL MEDICINE,61.0,52.63157894736842,17.956,True,False
10.1101/2020.06.01.20100461,"Determining the optimal strategy for reopening schools, work and society in the UK: balancing earlier opening and the impact of test and trace strategies with the risk of occurrence of a secondary COVID-19 pandemic wave",2020-06-01,2020-08-03,True,LANCET CHILD & ADOLESCENT HEALTH,154.0,73.1829573934837,11.288,True,False
10.1101/2020.08.06.20169722,SARS-CoV-2 infection fatality risk in a nationwide seroepidemiological study,2020-08-07,2020-11-27,True,BMJ,99.0,63.1578947368421,39.89,True,False
10.1101/2020.04.11.036855,Evaluation of heating and chemical protocols for inactivating SARS-CoV-2,2020-04-11,2020-06-08,True,VIRUSES,69.22077922077922,56.14035087719298,4.91,False,True
10.1101/2020.04.13.20063669,Smoking is Associated with COVID-19 Progression: A Meta-Analysis,2020-04-16,2020-05-11,True,NICOTINE & TOBACCO RESEARCH,235.7981651376147,79.4486215538847,4.244,False,True
10.1101/2020.07.28.225649,Intradermal-delivered DNA vaccine provides anamnestic protection in a rhesus macaque SARS-CoV-2 challenge model,2020-07-29,,False,,44.0,42.60651629072682,,False,False
10.1101/2020.07.21.214346,Evidence of exposure to SARS-CoV-2 in cats and dogs from households in Italy,2020-07-21,2020-12-04,True,NATURE,108.0,64.66165413533834,49.962,True,False
10.1101/2020.05.02.20084673,Disruption of the CCL5/RANTES-CCR5 Pathway Restores Immune Homeostasis and Reduces Plasma Viral Load in Critical COVID-19,2020-05-05,,False,,49.0,46.74185463659148,,False,False
10.1101/2020.07.27.20161976,Exploratory analysis of immunization records highlights decreased SARS-CoV-2 rates in individuals with recent non-COVID-19 vaccinations,2020-07-28,2021-02-26,True,SCIENTIFIC REPORTS,33.0,35.83959899749373,4.38,False,True
10.1101/2020.05.19.20105999,SARS-CoV-2 RNA concentrations in primary municipal sewage sludge as a leading indicator of COVID-19 outbreak dynamics,2020-05-22,2020-09-18,True,NATURE BIOTECHNOLOGY,209.0,77.19298245614034,54.908,True,False
10.1101/2020.05.15.20103655,Differential Effects of Intervention Timing on COVID-19 Spread in the United States,2020-05-20,2020-12-04,True,SCIENCE ADVANCES,129.0,69.17293233082707,14.136,True,False
10.1101/2020.08.07.20170555,Compound risks of hurricane evacuation amid the COVID-19 pandemic in the United States,2020-08-11,2020-11-16,True,GEOHEALTH,12.0,17.16791979949875,4.529,False,True
10.1101/2020.04.28.066977,"Controlling the SARS-CoV-2 outbreak, insights from large scale whole genome sequences generated across the world",2020-04-29,,False,,22.0,27.19298245614035,,False,False
10.1101/2020.06.03.20121442,Reduction in preterm births during the COVID-19 lockdown in Ireland: a natural experiment allowing analysis of data from the prior two decades.,2020-06-05,2020-09-30,True,BMJ GLOBAL HEALTH,54.0,49.49874686716792,5.558,False,True
10.1101/2020.08.07.20170407,Model-based projections for COVID-19 outbreak size and student-days lost to closure in Ontario childcare centres and primary schools,2020-08-11,2021-03-18,True,SCIENTIFIC REPORTS,11.0,15.6641604010025,4.38,False,True
10.1101/2020.03.25.20041475,An international comparison of the second derivative of COVID-19 deaths after implementation of social distancing measures,2020-03-25,,False,,3.0,4.761904761904762,,False,False
10.1101/2020.07.15.203489,Prophylactic and Therapeutic Inhibition of In Vitro SARS-CoV-2 Replication by Oleandrin,2020-07-15,,False,,11.0,15.6641604010025,,False,False
10.1101/2020.06.24.20138644,Strong Correlation Between Prevalence of Severe Vitamin D Deficiency and Population Mortality Rate from COVID-19 in Europe,2020-07-01,2021-03-15,True,WIENER KLINISCHE WOCHENSCHRIFT,10.0,14.16040100250627,1.704,False,True
10.1101/2020.04.04.20053058,Indoor transmission of SARS-CoV-2,2020-04-07,2020-10-31,True,INDOOR AIR,139.1904761904762,70.92731829573935,5.77,False,True
10.1101/2020.04.10.036418,The SARS-CoV-2 receptor-binding domain elicits a potent neutralizing response without antibody-dependent enhancement,2020-04-12,,False,,72.82222222222221,57.39348370927318,,False,False
10.1101/2020.04.23.20076877,"SARS-CoV-2 Detection Using an Isothermal Amplification Reaction and a Rapid, Inexpensive Protocol for Sample Inactivation and Purification",2020-04-28,2020-09-29,True,PROCEEDINGS OF THE NATIONAL ACADEMY OF SCIENCES OF THE UNITED STATES OF AMERICA,80.0,59.77443609022557,11.205,True,False
10.1101/2020.07.28.20163618,Unemployment insurance and food insecurity among people who lost employment in the wake of COVID-19,2020-07-30,,False,,11.0,15.6641604010025,,False,False
10.1101/2020.03.31.018556,Fatal toxicity of chloroquine or hydroxychloroquine with metformin in mice,2020-04-04,,False,,5.0,7.393483709273182,,False,False
10.1101/2020.06.06.20124461,ICON (Ivermectin in COvid Nineteen) study: Use of Ivermectin is Associated with Lower Mortality in Hospitalized Patients with COVID19,2020-06-09,2020-10-12,True,CHEST,149.0,72.4310776942356,9.41,False,True
10.1101/2020.05.24.20112300,COVID-19 serology at population scale: SARS-CoV-2-specific antibody responses in saliva,2020-05-26,2020-12-17,True,JOURNAL OF CLINICAL MICROBIOLOGY,65.0,55.26315789473685,5.948,False,True
10.1101/2020.06.18.159434,Saliva-Based Molecular Testing for SARS-CoV-2 that Bypasses RNA Extraction,2020-06-18,,False,,42.0,41.2280701754386,,False,False
10.1101/2020.05.06.081695,Single-cell longitudinal analysis of SARS-CoV-2 infection in human bronchial epithelial cells,2020-05-07,2021-03-17,True,PLOS BIOLOGY,51.0,47.86967418546366,8.029,False,True
10.1101/2020.01.23.20018549,Novel coronavirus 2019-nCoV: early estimation of epidemiological parameters and epidemic predictions,2020-01-24,,False,,389.8514851485149,88.97243107769424,,False,False
10.1101/2020.05.24.20111823,"Characteristics and predictors of hospitalization and death in the first 9,519 cases with a positive RT-PCR test for SARS-CoV-2 in Denmark: A nationwide cohort",2020-05-26,2020-09-05,True,INTERNATIONAL JOURNAL OF EPIDEMIOLOGY,97.0,62.65664160401002,7.196,False,True
10.1101/2020.04.08.20054551,"Safety of hydroxychloroquine, alone and in combination with azithromycin, in light of rapid wide-spread use for COVID-19: a multinational, network cohort and self-controlled case series study",2020-04-10,2020-08-21,True,LANCET RHEUMATOLOGY,169.1892857142857,73.93483709273183,8.136,False,True
10.1101/2020.07.10.20150524,Community prevalence of SARS-CoV-2 virus in England during May 2020: REACT study,2020-07-11,,False,,35.0,37.96992481203007,,False,False
10.1101/2020.08.14.20174490,"Detection, prevalence, and duration of humoral responses to SARS-CoV-2 under conditions of limited population exposure.",2020-08-16,2020-10-14,True,IMMUNITY,30.0,33.20802005012531,31.745,True,False
10.1101/2020.05.13.092619,Convergent Antibody Responses to SARS-CoV-2 Infection in Convalescent Individuals,2020-05-15,2020-06-18,True,NATURE,774.0,97.4937343358396,49.962,True,False
10.1101/2020.05.04.20086322,Determinants of Severity in Cancer Patients with COVID-19 Illness,2020-05-08,2020-06-24,True,NATURE MEDICINE,223.0,78.32080200501254,53.44,True,False
10.1101/2020.08.11.20171843,Functional SARS-CoV-2-specific immune memory persists after mild COVID-19,2020-08-14,2020-11-23,True,CELL,246.0,80.95238095238095,41.582,True,False
10.1101/2020.05.24.20111971,Clinical characteristics of patients hospitalized with COVID-19 in Spain: results from the SEMI-COVID-19 Network.,2020-05-26,2020-09-09,True,REVISTA CLNICA ESPAOLA,94.0,61.90476190476191,1.556,False,True
10.1101/2020.06.10.145144,Hydroxychloroquine Proves Ineffective in Hamsters and Macaques Infected with SARS-CoV-2,2020-06-11,2020-10-22,True,JCI INSIGHT,32.0,34.71177944862156,8.315,False,True
10.1101/2020.06.08.20122143,Hydroxychloroquine inhibits trained immunity - implications for COVID-19,2020-06-09,2020-11-10,True,CELL REPORTS MEDICINE,8.0,11.2781954887218,2.0,False,True
10.1101/2020.05.13.20101022,Analysis of the time and age dependence of the case fatality ratio for COVID-19 in 7 countries with a high total to positive test ratio suggests that the true CFR may be significantly underestimated for the United States in current models,2020-05-16,,False,,2.0,3.383458646616541,,False,False
10.1101/2020.07.17.20140533,Concurrent human antibody andTH1 type T-cell responses elicited by a COVID-19 RNA vaccine,2020-07-20,2020-09-30,True,NATURE,498.0,92.4812030075188,49.962,True,False
10.1101/2020.03.30.20048165,Association of BCG vaccination policy with prevalence and mortality of COVID-19,2020-04-06,,False,,46.11764705882353,44.86215538847117,,False,False
10.1101/2020.05.08.20095471,"Treatment of COVID-19 Patients with Convalescent Plasma in Houston, Texas",2020-05-13,2020-05-27,True,THE AMERICAN JOURNAL OF PATHOLOGY,223.0,78.32080200501254,4.307,False,True
10.1101/2020.02.07.20021154,"The Novel Coronavirus, 2019-nCoV, is Highly Contagious and More Infectious Than Initially Estimated",2020-02-11,2020-07-07,True,EMERGING INFECTIOUS DISEASES,672.4074055666003,96.49122807017544,6.883,False,True
10.1101/2020.07.13.20041632,The Infectious Nature of Patient-Generated SARS-CoV-2 Aerosol,2020-07-20,,False,,44.0,42.60651629072682,,False,False
10.1101/2020.03.21.001586,Comparative analyses of SAR-CoV2 genomes from different geographical locations and other coronavirus family genomes reveals unique features potentially consequential to host-virus interaction and pathogenesis,2020-03-21,2020-08-20,True,HELIYON,55.30651340996168,50.37593984962406,0.46,False,True
10.1101/2020.06.03.132134,Detection dogs as a help in the detection of COVID-19: Can the dog alert on COVID-19 positive persons by sniffing axillary sweat samples? Proof-of-concept study,2020-06-05,2020-12-10,True,PLOS ONE,30.0,33.20802005012531,3.24,False,True
10.1101/2020.06.16.20132597,"Hydroxychloroquine with or without azithromycin and in-hospital mortality or discharge in patients hospitalized for COVID-19 infection: a cohort study of 4,642 in-patients in France",2020-06-19,,False,,26.0,29.69924812030075,,False,False
10.1101/2020.07.02.20144832,"Exposure assessment for airborne transmission of SARS-CoV-2 via breathing, speaking, coughing and sneezing",2020-07-05,,False,,15.0,19.42355889724311,,False,False
10.1101/2020.07.02.20145508,Firearm Purchasing and Firearm Violence in the First Months of the Coronavirus Pandemic in the United States,2020-07-04,,False,,17.0,20.92731829573935,,False,False
10.1101/2020.04.06.025635,LAMP-Seq: Population-Scale COVID-19 Diagnostics Using a Compressed Barcode Space,2020-04-08,,False,,34.10526315789473,37.59398496240601,,False,False
10.1101/2020.08.08.238469,An ultra-high affinity synthetic nanobody blocks SARS-CoV-2 infection by locking Spike into an inactive conformation,2020-08-10,2020-12-18,True,SCIENCE,110.0,64.91228070175438,47.728,True,False
10.1101/2020.05.12.20099929,Tracking the COVID-19 pandemic in Australia using genomics,2020-05-16,2020-09-01,True,NATURE COMMUNICATIONS,62.0,53.75939849624061,14.919,True,False
10.1101/2020.07.09.20148429,Longitudinal evaluation and decline of antibody responses in SARS-CoV-2 infection,2020-07-11,2020-10-26,True,NATURE MICROBIOLOGY,650.0,95.98997493734336,17.745,True,False
10.1101/2020.04.26.20079244,"Seroprevalence of COVID-19 virus infection in Guilan province, Iran",2020-05-01,2020-12-21,True,EMERGING INFECTIOUS DISEASES,94.0,61.90476190476191,6.883,False,True
10.1101/2020.04.14.20065276,Hydroxychloroquine Versus COVID-19: A Rapid Systematic Review and Meta-Analysis,2020-04-20,2020-10-15,True,"ANNALS OF THE ACADEMY OF MEDICINE, SINGAPORE",27.0,30.57644110275689,2.473,False,True
10.1101/2020.02.21.20026070,CoVID-19 in Japan: What could happen in the future?,2020-02-23,,False,,5.0,7.393483709273182,,False,False
10.1101/2020.04.16.20060566,Delayed clearance of SARS-CoV2 in male compared to female patients: High ACE2 expression in testes suggests possible existence of gender-specific viral reservoirs,2020-04-17,,False,,39.46153846153846,39.84962406015038,,False,False
10.1101/2020.03.19.997890,"An orally bioavailable broad-spectrum antiviral inhibits SARS-CoV-2 and multiple endemic, epidemic and bat coronavirus",2020-03-20,2020-04-29,True,SCIENCE TRANSLATIONAL MEDICINE,281.6507224713503,83.95989974937343,17.956,True,False
10.1101/2020.04.01.20049478,Differential COVID-19-attributable mortality and BCG vaccine use in countries,2020-04-06,,False,,48.38888888888889,46.11528822055138,,False,False
10.1101/2020.05.18.20105197,SARS-CoV-2 seroconversion in health care workers,2020-05-19,2020-09-11,True,THORAX,114.0,66.04010025062657,9.25,False,True
10.1101/2020.06.17.20133504,Risk of SARS-CoV-2 infection from contaminated water systems,2020-06-20,2021-02-22,True,ACS ES&T WATER,21.0,25.43859649122807,7.653,False,True
10.1101/2020.04.01.20050542,Using ILI surveillance to estimate state-specific case detection rates and forecast SARS-CoV-2 spread in the United States,2020-04-03,2020-07-29,True,SCIENCE TRANSLATIONAL MEDICINE,62.22222222222222,54.38596491228071,17.956,True,False
10.1101/2020.07.13.20153148,"Low SARS-CoV-2 sero-prevalence based on anonymized residual sero-survey before and after first wave measures in British Columbia, Canada, March-May 2020",2020-07-15,,False,,19.0,22.80701754385965,,False,False
10.1101/2020.05.01.20079376,Vitamin D deficiency as risk factor for severe COVID-19: a convergence of two pandemics,2020-05-05,,False,,34.0,36.96741854636591,,False,False
10.1101/2020.06.01.20119040,Factors associated with adherence to self-isolation and lockdown measures in the UK; a cross-sectional survey,2020-06-02,2020-09-06,True,PUBLIC HEALTH,55.0,50.12531328320802,2.427,False,True
10.1101/2020.05.30.20111393,Antibody profiling of COVID-19 patients in an urban low-incidence region in Northern Germany,2020-06-02,2020-09-22,True,FRONTIERS IN PUBLIC HEALTH,14.0,18.54636591478697,3.709,False,True
10.1101/2020.06.25.169946,Neuroinvasive potential of SARS-CoV-2 revealed in a human brain organoid model,2020-06-26,2021-01-12,True,JOURNAL OF EXPERIMENTAL MEDICINE,169.0,73.68421052631578,14.307,True,False
10.1101/2020.06.28.20142190,Seroconversion of a city: Longitudinal monitoring of SARS-CoV-2 seroprevalence in New York City,2020-06-29,2020-11-03,True,NATURE,83.0,60.15037593984962,49.962,True,False
10.1101/2020.06.24.20139634,Shut and re-open: the role of schools in the spread of COVID-19 in Europe,2020-06-26,2021-05-31,True,PHILOSOPHICAL TRANSACTIONS OF THE ROYAL SOCIETY B: BIOLOGICAL SCIENCES,16.0,20.05012531328321,4.997,False,True
10.1101/2020.06.07.20124636,Dynamics of IgG seroconversion and pathophysiology of COVID-19 infections,2020-06-09,2021-01-15,True,EMERGING INFECTIOUS DISEASES,30.0,33.20802005012531,6.883,False,True
10.1101/2020.06.22.164665,Chloroquine and hydroxychloroquine as ACE2 blockers to inhibit viropexis of COVID-19 Spike psedotype virus,2020-06-22,2020-09-02,True,PHYTOMEDICINE,21.0,25.43859649122807,5.34,False,True
10.1101/2020.05.04.20090076,Infection fatality rate of SARS-CoV-2 infection in a German community with a super-spreading event,2020-05-08,2020-11-17,True,NATURE COMMUNICATIONS,244.0,80.57644110275689,14.919,True,False
10.1101/2020.05.02.20088898,"Repeated seroprevalence of anti-SARS-CoV-2 IgG antibodies in a population-based sample from Geneva, Switzerland",2020-05-06,2020-08-01,True,LANCET,578.0,94.48621553884712,79.321,True,False
10.1101/2020.06.12.20129056,Symptom clusters in Covid19: A potential clinical prediction tool from the COVID Symptom study app,2020-06-16,2021-03-19,True,SCIENCE ADVANCES,43.0,41.72932330827068,14.136,True,False
10.1101/2020.07.14.20153320,Clinical characteristics of children and young people hospitalised with covid-19 in the United Kingdom: prospective multicentre observational cohort study,2020-07-17,2020-08-27,True,BMJ,206.0,76.69172932330827,39.89,True,False
10.1101/2020.06.06.20123414,Sex differences in immune responses to SARS-CoV-2 that underlie disease outcomes,2020-06-09,2020-08-26,True,NATURE,329.0,86.46616541353383,49.962,True,False
10.1101/2020.04.29.20085449,Preliminary Results of Seroprevalence of SARS-CoV-2 at Community Clinics in Tokyo,2020-05-05,,False,,7.0,9.774436090225564,,False,False
10.1101/2020.06.03.20121020,Regional Difference in Seroprevalence of SARS-CoV-2 in Tokyo: Results from the community point-of-care antibody testing,2020-06-04,,False,,11.0,15.6641604010025,,False,False
10.1101/2020.06.01.20112334,"A cohort study to evaluate the effect of combination Vitamin D, Magnesium and Vitamin B12 (DMB) on progression to severe outcome in older COVID-19 patients.",2020-06-02,2020-10-08,True,NUTRITION,76.0,58.64661654135338,4.008,False,True
10.1101/2020.04.10.20060558,"Hydroxychloroquine in patients with COVID-19: an open-label, randomized, controlled trial",2020-04-14,2020-05-14,True,BMJ,688.8431876606684,96.99248120300751,39.89,True,False
10.1101/2020.08.14.20175190,"Bidirectional associations between COVID-19 and psychiatric disorder: a study of 62,354 COVID-19 cases",2020-08-16,2020-11-09,True,LANCET PSYCHIATRY,374.0,88.47117794486216,27.083,True,False
10.1101/2020.07.25.220806,The neuropeptides VIP and PACAP inhibit SARS-CoV-2 replication in monocytes and lung epithelial cells and decrease the production of proinflammatory cytokines in infected cells.,2020-07-26,,False,,2.0,3.383458646616541,,False,False
10.1101/2020.05.26.20113787,COVID-Net: A deep learning based and interpretable predication model for the county-wise trajectories of COVID-19 in the United States,2020-05-27,,False,,9.0,12.90726817042606,,False,False
10.1101/2020.05.10.20097394,"Outbreak of Kawasaki disease in children during COVID-19 pandemic: a prospective observational study in Paris, France",2020-05-14,2020-06-03,True,BMJ,584.0,94.9874686716792,39.89,True,False
10.1101/2020.02.24.20027375,Estimation of COVID-2019 burden and potential for international dissemination of infection from Iran,2020-02-25,,False,,73.18518518518519,57.64411027568922,,False,False
10.1101/2020.06.26.173476,In situ structural analysis of SARS-CoV-2 spike reveals flexibility mediated by three hinges,2020-06-26,2020-09-09,True,SCIENCE,174.0,74.43609022556392,47.728,True,False
10.1101/2020.07.27.20162693,Seroprevalence of anti-SARS-CoV-2 IgG antibodies in Kenyan blood donors,2020-07-29,2021-01-01,True,SCIENCE,112.0,65.16290726817043,47.728,True,False
10.1101/2020.08.23.20179796,SARS-CoV-2 specific memory B cells frequency in recovered patient remains stable while antibodies decay over time,2020-08-25,,False,,9.0,12.90726817042606,,False,False
10.1101/2020.05.11.20098442,SARS-CoV-2 seroprevalence trends in healthy blood donors during the COVID-19 Milan outbreak,2020-05-18,2021-02-03,True,BLOOD TRANSFUSION,54.0,49.49874686716792,3.443,False,True
10.1101/2020.07.22.20160002,Remdesivir for COVID-19: match-population analysis with compassionate use of Remdesivir for severe COVID-19,2020-07-24,2020-10-18,True,JOURNAL OF RARE DISEASES AND ORPHAN DRUGS,1.0,1.503759398496241,,False,False
10.1101/2020.08.14.20158535,Impact of contact tracing on COVID-19 mortality: An impact evaluation using surveillance data from Colombia.,2020-08-16,2021-04-04,True,PLOS ONE,6.0,8.771929824561402,3.24,False,True
10.1101/2020.05.20.20108126,Susceptibility to and transmission of COVID-19 amongst children and adolescents compared with adults: a systematic review and meta-analysis,2020-05-24,2020-09-25,True,JAMA PEDIATRICS,262.0,81.95488721804512,16.193,True,False
10.1101/2020.08.03.20167791,SalivaDirect: Simple and sensitive molecular diagnostic test for SARS-CoV-2 surveillance,2020-08-04,2020-12-26,True,MED,77.0,59.14786967418546,13.0,True,False
10.1101/2020.07.31.20166082,Evaluating the effects of SARS-CoV-2 Spike mutation D614G on transmissibility and pathogenicity,2020-08-04,2020-11-19,True,CELL,342.0,87.21804511278195,41.582,True,False
10.1101/2020.04.30.20085613,Humoral immune response and prolonged PCR positivity in a cohort of 1343 SARS-CoV 2 patients in the New York City region,2020-05-05,2020-09-25,True,LANCET MICROBE,95.0,62.40601503759399,,False,False
10.1101/2020.07.14.20151126,"SARS-CoV-2 infection induces robust, neutralizing antibody responses that are stable for at least three months",2020-07-17,2020-10-28,True,SCIENCE,563.7395348837209,93.98496240601504,47.728,True,False
10.1101/2020.08.17.20176651,RNA-Based COVID-19 Vaccine BNT162b2 Selected for a Pivotal Efficacy Study,2020-08-20,2020-10-14,True,NEW ENGLAND JOURNAL OF MEDICINE,866.0,97.74436090225564,91.245,True,False
10.1101/2020.08.10.20172189,Janus Kinase-Inhibitor and Type I Interferon Ability to Produce Favorable Clinical Outcomes in COVID-19 Patients: A Systematic Review and Meta-Analysis,2020-08-11,2021-01-11,True,BMC INFECTIOUS DISEASES,28.0,31.57894736842105,3.09,False,True
10.1101/2020.03.14.988345,SARS-CoV-2 invades host cells via a novel route: CD147-spike protein,2020-03-14,2020-12-04,True,SIGNAL TRANSDUCTION AND TARGETED THERAPY,433.5571841851494,89.97493734335839,18.187,True,False
10.1101/2020.02.12.20022327,Clinical diagnosis of 8274 samples with 2019-novel coronavirus in Wuhan,2020-02-13,,False,,58.0344827586207,51.37844611528822,,False,False
10.1101/2020.08.12.20173690,"Antibody prevalence for SARS-CoV-2 in England following first peak of the pandemic: REACT2 study in 100,000 adults",2020-08-14,2021-05-02,True,LANCET REGIONAL,134.0,69.67418546365914,,False,False
10.1101/2020.07.15.20154112,Seroprevalence of SARS-CoV-2 antibodies in an entirely PCR-sampled and quarantined community after a COVID-19 outbreak - the CoNAN study,2020-07-17,2020-11-20,True,CLINICAL MICROBIOLOGY AND INFECTION,24.0,28.07017543859649,8.067,False,True
10.1101/2020.07.21.214759,Escape from neutralizing antibodies by SARS-CoV-2 spike protein variants,2020-07-22,2020-10-28,True,ELIFE,495.0,92.10526315789474,8.14,False,True
10.1101/2020.07.22.20159905,D614G Spike Mutation Increases SARS CoV-2 Susceptibility to Neutralization.,2020-07-24,2021-01-13,True,CELL HOST & MICROBE,129.0,69.17293233082707,21.023,True,False
10.1101/2020.07.29.20162701,Estimates of the rate of infection and asymptomatic COVID-19 disease in a population sample from SE England,2020-07-30,2020-10-15,True,JOURNAL OF INFECTION,33.0,35.83959899749373,6.072,False,True
10.1101/2020.08.21.262329,Impaired cytotoxic CD8+ T cell response in elderly COVID-19 patients,2020-08-24,2020-10-18,True,MBIO,28.0,31.57894736842105,7.867,False,True
10.1101/2020.04.25.20074856,Test performance evaluation of SARS-CoV-2 serological assays,2020-04-29,,False,,193.0,75.93984962406014,,False,False
10.1101/2020.04.05.20053355,Estimating false-negative detection rate of SARS-CoV-2 by RT-PCR,2020-04-07,2020-12-17,True,EUROSURVEILLANCE,21.78947368421053,26.81704260651629,6.307,False,True
10.1101/2020.04.22.20072124,"Self-reported symptoms of covid-19 including symptoms most predictive of SARS-CoV-2 infection, are heritable",2020-04-24,2021-02-09,True,TWIN RESEARCH AND HUMAN GENETICS,54.0,49.49874686716792,1.587,False,True
10.1101/2020.04.15.043166,Clinical benefit of remdesivir in rhesus macaques infected with SARS-CoV-2,2020-04-15,2020-06-09,True,NATURE,262.8019323671498,82.20551378446115,49.962,True,False
10.1101/2020.03.05.20030502,Clinical presentation and virological assessment of hospitalized cases of coronavirus disease 2019 in a travel-associated transmission cluster,2020-03-08,2020-04-01,True,NATURE,3286.075,100.0,49.962,True,False
10.1101/2020.05.21.109322,The emergence of SARS-CoV-2 in Europe and the US,2020-05-23,2020-10-30,True,SCIENCE,136.9827586206897,70.42606516290726,47.728,True,False
10.1101/2020.05.26.117069,SARS-CoV-2 genome evolution exposes early human adaptations,2020-05-26,,False,,5.0,7.393483709273182,,False,False
10.1101/2020.04.05.20051540,SARS-CoV-2 titers in wastewater are higher than expected from clinically confirmed cases,2020-04-07,2020-07-21,True,MSYSTEMS,236.9843384338434,79.69924812030075,6.496,False,True
10.1101/2020.04.05.20054502,Exposure to air pollution and COVID-19 mortality in the United States,2020-04-07,2020-11-04,True,SCIENCE ADVANCES,727.1461429287026,97.24310776942356,14.136,True,False
10.1101/2020.06.15.20117747,SARS-CoV-2 titers in wastewater foreshadow dynamics and clinical presentation of new COVID-19 cases,2020-06-23,2020-09-04,True,SCIENCE OF THE TOTAL ENVIRONMENT,53.0,48.7468671679198,7.963,False,True
10.1101/2020.07.21.20159178,SARS-CoV-2 infection induces sustained humoral immune responses in convalescent patients following symptomatic COVID-19,2020-07-24,2021-03-22,True,NATURE COMMUNICATIONS,74.0,58.27067669172933,14.919,True,False
10.1101/2020.04.12.20062679,Time course quantitative detection of SARS-CoV-2 in Parisian wastewaters correlates with COVID-19 confirmed cases,2020-04-17,2020-12-17,True,EUROSURVEILLANCE,152.5137931034483,72.68170426065163,6.307,False,True
10.1101/2020.04.16.20067835,Saliva is more sensitive for SARS-CoV-2 detection in COVID-19 patients than nasopharyngeal swabs,2020-04-22,2020-09-24,True,NEW ENGLAND JOURNAL OF MEDICINE,495.0,92.10526315789474,91.245,True,False
10.1101/2020.02.17.951335,Isolation and Characterization of 2019-nCoV-like Coronavirus from Malayan Pangolins,2020-02-20,2020-05-07,True,NATURE,304.258499896971,85.96491228070175,49.962,True,False
10.1101/2020.02.10.20021675,Epidemiological and clinical features of the 2019 novel coronavirus outbreak in China,2020-02-11,,False,,275.8531468531469,83.45864661654136,,False,False
10.1101/2020.02.11.20021493,Laboratory diagnosis and monitoring the viral shedding of 2019-nCoV infections,2020-02-12,2020-11-25,True,THE INNOVATION,347.8095238095239,87.468671679198,,False,False
10.1101/2020.04.14.20060160,Patient-derived mutations impact pathogenicity of SARS-CoV-2,2020-04-19,2020-10-29,True,CELL DISCOVERY,107.5555555555556,64.41102756892231,10.849,True,False
10.1101/2020.04.27.20073379,Hydroxychloroquine application is associated with a decreased mortality in critically ill patients with COVID-19,2020-05-01,,False,,45.0,43.734335839599,,False,False
10.1101/2020.06.23.20137596,Platelets can contain SARS-CoV-2 RNA and are hyperactivated in COVID-19,2020-06-23,2020-09-17,True,CIRCULATION RESEARCH,32.0,34.71177944862156,17.367,True,False
10.1101/2020.06.24.20129817,Influenza Vaccination and COVID19 Mortality in the USA,2020-06-26,2021-04-24,True,VACCINES,1.0,1.503759398496241,4.422,False,True
10.1101/2020.07.03.186296,The major genetic risk factor for severe COVID-19 is inherited from Neandertals,2020-07-03,2020-09-30,True,NATURE,183.0,75.31328320802005,49.962,True,False
10.1101/2020.05.01.073262,SARS-CoV-2 is well adapted for humans. What does this mean for re-emergence?,2020-05-02,,False,,35.0,37.96992481203007,,False,False
10.1101/2020.05.24.111823,The ORF8 Protein of SARS-CoV-2 Mediates Immune Evasion through Potently Downregulating MHC-I,2020-05-24,,False,,90.0,60.90225563909775,,False,False
10.1101/2020.06.12.148726,The D614G mutation in the SARS-CoV-2 spike protein reduces S1 shedding and increases infectivity,2020-06-12,2020-11-26,True,NATURE COMMUNICATIONS,507.0,93.10776942355889,14.919,True,False
10.1101/2020.07.31.20161216,"Immunogenicity and Safety of a SARS-CoV-2 Inactivated Vaccine in Healthy Adults Aged 18-59 years: Report of the Randomized, Double-blind, and Placebo-controlled Phase 2 Clinical Trial",2020-08-10,2020-11-17,True,LANCET INFECTIOUS DISEASES,407.0,89.22305764411027,25.071,True,False
10.1101/2020.06.25.172403,Virus-Receptor Interactions of Glycosylated SARS-CoV-2 Spike and Human ACE2 Receptor,2020-06-26,2020-08-24,True,CELL HOST & MICROBE,122.0,67.91979949874687,21.023,True,False
10.1101/2020.03.11.20031096,Relationship between the ABO Blood Group and the COVID-19 Susceptibility,2020-03-16,2020-08-04,True,CLINICAL INFECTIOUS DISEASES,286.5338645418327,84.71177944862156,9.079,False,True
10.1101/2020.03.26.20044826,Children are unlikely to have been the primary source of household SARS-CoV-2 infections,2020-03-30,,False,,25.74193548387097,29.32330827067669,,False,False
10.1101/2020.04.08.20058073,"Testing the association between blood type and COVID-19 infection, intubation, and death",2020-04-11,2020-11-13,True,NATURE COMMUNICATIONS,40.59090909090909,40.6015037593985,14.919,True,False
10.1101/2020.06.27.175430,Citizen Scientists Create an Exascale Computer to Combat COVID-19,2020-06-30,2021-05-24,True,NATURE CHEMISTRY,21.0,25.43859649122807,24.427,True,False
10.1101/2020.06.14.150490,The serotonin reuptake inhibitor Fluoxetine inhibits SARS-CoV-2,2020-06-14,2021-03-15,True,SCIENTIFIC REPORTS,21.0,25.43859649122807,4.38,False,True
