remove,checks_passed,dataset_id,dataset_name,Need to remove some columns,heterogeneous,Artificial,P/n ratio too high,Stream,Time series,Deterministic,Too many low cardinality,Hidden columns,Too little information,Too many IDs,Redundant,Crafted features,Simulated,n_features,n_features_probable,n_samples,num_categorical_columns,num_columns_missing,num_high_cardinality,num_rows_missing,original_n_features,original_n_samples,ratio_n_p,score_hbgt,score_logistic,too_easy
,0.0,6.0,letter,,,,,,,,,,,,,,,16.0,16.0,1610.0,0.0,0.0,0.0,0.0,16.0,20000.0,1.0,,,
,0.0,24.0,mushroom,,,,,,,,,,,,,,,117.0,117.0,7832.0,22.0,0.0,0.0,0.0,22.0,8124.0,1.0,1.0,0.9996595744680852,1
,0.0,26.0,nursery,,,,,,,,,,,,,,,27.0,27.0,8532.0,8.0,0.0,0.0,0.0,8.0,12960.0,1.0,1.0,1.0,1
,0.0,32.0,pendigits,,,,,,,,,,,,,,,16.0,16.0,2288.0,0.0,0.0,0.0,0.0,16.0,10992.0,1.0,,,
1,,70.0,"BNG(anneal,nominal,1000000)",,,,,,,,,,,,,,,,,,,,,,,,,,,
1,,71.0,"BNG(anneal.ORIG,nominal,1000000)",,,,,,,,,,,,,,,,,,,,,,,,,,,
1,,72.0,BNG(kr-vs-kp),,,,,,,,,,,,,,,,,,,,,,,,,,,
1,,73.0,"BNG(labor,nominal,1000000)",,,,,,,,,,,,,,,,,,,,,,,,,,,
1,,74.0,"BNG(letter,nominal,1000000)",,,,,,,,,,,,,,,,,,,,,,,,,,,
1,,75.0,"BNG(autos,nominal,1000000)",,,,,,,,,,,,,,,,,,,,,,,,,,,
1,,76.0,"BNG(lymph,nominal,1000000)",,,,,,,,,,,,,,,,,,,,,,,,,,,
1,,77.0,"BNG(breast-cancer,nominal,1000000)",,,,,,,,,,,,,,,,,,,,,,,,,,,
1,,78.0,"BNG(mfeat-fourier,nominal,1000000)",,,,,,,,,,,,,,,,,,,,,,,,,,,
1,,115.0,"BNG(mfeat-karhunen,nominal,1000000)",,,,,,,,,,,,,,,,,,,,,,,,,,,
1,,116.0,"BNG(bridges_version1,nominal,1000000)",,,,,,,,,,,,,,,,,,,,,,,,,,,
1,,117.0,"BNG(bridges_version2,nominal,1000000)",,,,,,,,,,,,,,,,,,,,,,,,,,,
1,,118.0,"BNG(mfeat-zernike,nominal,1000000)",,,,,,,,,,,,,,,,,,,,,,,,,,,
1,,119.0,"BNG(cmc,nominal,55296)",,,,,,,,,,,,,,,,,,,,,,,,,,,
1,,120.0,BNG(mushroom),,,,,,,,,,,,,,,,,,,,,,,,,,,
1,,121.0,"BNG(colic.ORIG,nominal,1000000)",,,,,,,,,,,,,,,,,,,,,,,,,,,
1,,122.0,"BNG(colic,nominal,1000000)",,,,,,,,,,,,,,,,,,,,,,,,,,,
1,,123.0,BNG(optdigits),,,,,,,,,,,,,,,,,,,,,,,,,,,
1,,124.0,"BNG(credit-a,nominal,1000000)",,,,,,,,,,,,,,,,,,,,,,,,,,,
1,,125.0,"BNG(page-blocks,nominal,295245)",,,,,,,,,,,,,,,,,,,,,,,,,,,
1,,126.0,"BNG(credit-g,nominal,1000000)",,,,,,,,,,,,,,,,,,,,,,,,,,,
1,,127.0,"BNG(pendigits,nominal,1000000)",,,,,,,,,,,,,,,,,,,,,,,,,,,
1,,128.0,"BNG(cylinder-bands,nominal,1000000)",,,,,,,,,,,,,,,,,,,,,,,,,,,
1,,129.0,"BNG(dermatology,nominal,1000000)",,,,,,,,,,,,,,,,,,,,,,,,,,,
1,,130.0,BNG(segment),,,,,,,,,,,,,,,,,,,,,,,,,,,
1,,131.0,"BNG(sick,nominal,1000000)",,,,,,,,,,,,,,,,,,,,,,,,,,,
1,,132.0,"BNG(sonar,nominal,1000000)",,,,,,,,,,,,,,,,,,,,,,,,,,,
1,,133.0,"BNG(glass,nominal,137781)",,,,,,,,,,,,,,,,,,,,,,,,,,,
1,,134.0,BNG(soybean),,,,,,,,,,,,,,,,,,,,,,,,,,,
1,,135.0,BNG(spambase),,,,,,,,,,,,,,,,,,,,,,,,,,,
1,,136.0,"BNG(heart-c,nominal,1000000)",,,,,,,,,,,,,,,,,,,,,,,,,,,
1,,137.0,BNG(tic-tac-toe),,,,,,,,,,,,,,,,,,,,,,,,,,,
1,,138.0,"BNG(heart-h,nominal,1000000)",,,,,,,,,,,,,,,,,,,,,,,,,,,
1,,139.0,BNG(trains),,,,,,,,,,,,,,,,,,,,,,,,,,,
1,,140.0,"BNG(heart-statlog,nominal,1000000)",,,,,,,,,,,,,,,,,,,,,,,,,,,
1,,141.0,"BNG(vehicle,nominal,1000000)",,,,,,,,,,,,,,,,,,,,,,,,,,,
1,,142.0,"BNG(hepatitis,nominal,1000000)",,,,,,,,,,,,,,,,,,,,,,,,,,,
1,,143.0,BNG(vote),,,,,,,,,,,,,,,,,,,,,,,,,,,
1,,144.0,"BNG(hypothyroid,nominal,1000000)",,,,,,,,,,,,,,,,,,,,,,,,,,,
1,,146.0,BNG(ionosphere),,,,,,,,,,,,,,,,,,,,,,,,,,,
1,,147.0,"BNG(waveform-5000,nominal,1000000)",,,,,,,,,,,,,,,,,,,,,,,,,,,
1,,148.0,"BNG(zoo,nominal,1000000)",,,,,,,,,,,,,,,,,,,,,,,,,,,
1,,149.0,CovPokElec,,,,,,,,,,,,,,,,,,,,,,,,,,,
0,1,150.0,covertype,,,,,,,,,,,,,,,93,93,423680,44,0,0,0,54,581012,1,0.8628666666666667,0.7728,0
0,1,151.0,electricity,,,,,,,,,,,,,,,14,14,38474,1,0,0,0,8,45312,1,0.89179517764335,0.7517679134361421,0
,0,152.0,Hyperplane_10_1E-3,,,,,,,,,,,,,,,10,10,999986,0,0,0,0,10,1000000,1,0.6893666666666667,0.6982,1
,0,153.0,Hyperplane_10_1E-4,,,,,,,,,,,,,,,10,10,999668,0,0,0,0,10,1000000,1,0.8833,0.9059666666666667,1
,0,154.0,LED(50000),,,,,,,,,,,,,,,48,48,201426,24,0,0,0,24,1000000,1,0.8326666666666667,0.7996666666666666,1
1,1,155.0,pokerhand,,,,,,,1,,,,,,,,25,25,700852,5,0,0,0,10,829201,1,1.0,0.5973,0
1,,156.0,RandomRBF_0_0,,,,,,,,,,,,,,,,,,,,,,,,,,,
1,,157.0,RandomRBF_10_1E-3,,,,,,,,,,,,,,,,,,,,,,,,,,,
1,,158.0,RandomRBF_10_1E-4,,,,,,,,,,,,,,,,,,,,,,,,,,,
1,,159.0,RandomRBF_50_1E-3,,,,,,,,,,,,,,,,,,,,,,,,,,,
1,,160.0,RandomRBF_50_1E-4,,,,,,,,,,,,,,,,,,,,,,,,,,,
,0,161.0,SEA(50),,,,,,,,,,,,,,,3,3,771316,0,0,0,0,3,1000000,1,,,
,0,162.0,SEA(50000),,,,,,,,,,,,,,,3,3,771336,0,0,0,0,3,1000000,1,,,
,0,179.0,adult,,,,,,,,,,,,,,,82,82,23374,12,0,1,0,14,48842,1,0.8303877079850331,0.829511981530133,1
1,1,180.0,covertype,,,,,,,,,,,,,,,92,92,77812,40,0,0,0,54,110393,1,0.8543,0.7691,0
1,,182.0,satimage,,,,,,,,,,,,,,,,,,,,,,,,,,,
1,1,184.0,kropt,,,,,,,1,,,,,,,,39,39,8388,6,0,0,0,6,28056,1,0.9285657528804132,0.7456495828367105,0
1,,244.0,BNG(anneal),,,,,,,,,,,,,,,,,,,,,,,,,,,
1,,245.0,BNG(anneal.ORIG),,,,,,,,,,,,,,,,,,,,,,,,,,,
1,,246.0,BNG(labor),,,,,,,,,,,,,,,,,,,,,,,,,,,
1,,247.0,BNG(letter),,,,,,,,,,,,,,,,,,,,,,,,,,,
1,,248.0,BNG(autos),,,,,,,,,,,,,,,,,,,,,,,,,,,
1,,249.0,BNG(lymph),,,,,,,,,,,,,,,,,,,,,,,,,,,
1,,250.0,BNG(mfeat-fourier),,,,,,,,,,,,,,,,,,,,,,,,,,,
1,,251.0,BNG(breast-w),,,,,,,,,,,,,,,,,,,,,,,,,,,
1,,252.0,BNG(mfeat-karhunen),,,,,,,,,,,,,,,,,,,,,,,,,,,
1,,253.0,BNG(bridges_version1),,,,,,,,,,,,,,,,,,,,,,,,,,,
1,,254.0,BNG(mfeat-zernike),,,,,,,,,,,,,,,,,,,,,,,,,,,
1,,255.0,BNG(cmc),,,,,,,,,,,,,,,,,,,,,,,,,,,
1,,256.0,BNG(colic.ORIG),,,,,,,,,,,,,,,,,,,,,,,,,,,
1,,257.0,BNG(colic),,,,,,,,,,,,,,,,,,,,,,,,,,,
1,,258.0,BNG(credit-a),,,,,,,,,,,,,,,,,,,,,,,,,,,
1,,259.0,BNG(page-blocks),,,,,,,,,,,,,,,,,,,,,,,,,,,
1,,260.0,BNG(credit-g),,,,,,,,,,,,,,,,,,,,,,,,,,,
1,,261.0,BNG(pendigits),,,,,,,,,,,,,,,,,,,,,,,,,,,
1,,262.0,BNG(cylinder-bands),,,,,,,,,,,,,,,,,,,,,,,,,,,
1,,263.0,BNG(dermatology),,,,,,,,,,,,,,,,,,,,,,,,,,,
1,,264.0,BNG(sonar),,,,,,,,,,,,,,,,,,,,,,,,,,,
1,,265.0,BNG(glass),,,,,,,,,,,,,,,,,,,,,,,,,,,
1,,266.0,BNG(heart-c),,,,,,,,,,,,,,,,,,,,,,,,,,,
1,,267.0,BNG(heart-statlog),,,,,,,,,,,,,,,,,,,,,,,,,,,
1,,268.0,BNG(vehicle),,,,,,,,,,,,,,,,,,,,,,,,,,,
1,,269.0,BNG(hepatitis),,,,,,,,,,,,,,,,,,,,,,,,,,,
1,,271.0,BNG(waveform-5000),,,,,,,,,,,,,,,,,,,,,,,,,,,
1,,272.0,BNG(zoo),,,,,,,,,,,,,,,,,,,,,,,,,,,
,0,273.0,IMDB.drama,,,,,,,,,,,,,,,1001,1001,87558,0,0,0,0,1001,120919,1,0.5363333333333333,0.5354666666666666,1
,0,274.0,20_newsgroups.drift,,,,,,,,,,,,,,,1989,1989,39994,1001,0,1,0,1001,399940,1,0.47495398895734975,0.4777546611186685,1
,0,279.0,meta_stream_intervals.arff,,,,,,,,,,,,,,,74,74,11818,0,0,0,0,74,45164,1,0.9963902989283699,0.9729836435420193,1
1,1,293.0,covertype,,,,,,,,,,,,1,,,54,54,566602,0,0,0,0,54,581012,1,0.8562,0.7519333333333333,0
,0,300.0,isolet,,,,,,,,,,,,,,,617,617,600,0,0,0,0,617,7797,0,,,
,0,310.0,mammography,,,,,,,,,,,,,,,6,6,520,0,0,0,0,6,11183,1,,,
,0,350.0,webdata_wXa,,,,,,,,,,,,,,,123,123,17748,0,0,0,0,123,36974,1,0.8158998435054773,0.8157746478873239,1
,0,351.0,codrna,,,,,,,,,,,,,,,8,8,325710,0,0,0,0,8,488565,1,0.9646,0.9524333333333334,1
1,1,354.0,poker,,,,,,,1,,,,,,,,10,10,1022616,0,0,0,0,10,1025010,1,0.7564333333333333,0.4916333333333333,0
,0,357.0,vehicle_sensIT,,,,,,,,,,,,,,,100,100,98528,0,0,0,0,100,98528,1,0.8672333333333333,0.8574666666666667,1
,0,372.0,internet_usage,,,,,,,,,,,,,,,67,220,2916,71,0,4,0,71,10108,1,,,
,0,373.0,UNIX_user_data,,,,,,,,,,,,,,,1,1,3180,1,0,1,0,2,9100,1,,,
,0,375.0,JapaneseVowels,,,,,,,,,,,,,,,14,14,2946,0,0,0,0,14,9961,1,,,
,0,378.0,ipums_la_99-small,,,,,,,,,,,,,,,41,156,188,60,0,19,7221,60,8844,0,,,
,0,381.0,ipums_la_98-small,,,,,,,,,,,,,,,40,188,684,60,1,19,5804,60,7485,1,,,
,0,382.0,ipums_la_97-small,,,,,,,,,,,,,,,42,178,604,60,0,18,5336,60,7019,1,,,
,,390.0,new3s.wc,,,,,,,,,,,,,,,26832,26832,1136,0,0,0,0,26832,9558,0,,,
,,399.0,ohscal.wc,,,,,,,,,,,,,,,11465,11465,2900,0,0,0,0,11465,11162,0,,,
1,,554.0,mnist_784,,,,,,,,,,,,,,,,,,,,,,,,,,,
0,1,722.0,pol,,,,,,,,,,,,,,,48,48,10082,0,0,0,0,48,15000,1,0.9849256198347108,0.8579834710743801,0
,0,725.0,bank8FM,,,,,,,,,,,,,,,8,8,6614,0,0,0,0,8,8192,1,0.9366246851385389,0.9388413098236776,1
1,1,727.0,2dplanes,,,1,,,,,,,,,,,,10,10,40696,0,0,0,0,10,40768,1,0.930692298711912,0.8348445343814453,0
,0,734.0,ailerons,,,,,,,,,,,,,,,40,40,11656,0,0,0,0,40,13750,1,0.8829854160709179,0.8786388332856735,1
,0,735.0,cpu_small,,,,,,,,,,,,,,,12,12,4954,0,0,0,0,12,8192,1,,,
1,1,752.0,puma32H,,0,,,,,,,,,,,,,32,32,8128,0,0,0,0,32,8192,1,0.8832308323083231,0.6462484624846248,0
,0,761.0,cpu_act,,,,,,,,,,,,,,,21,21,4954,0,0,0,0,21,8192,1,,,
,0,803.0,delta_ailerons,,,,,,,,,,,,,,,5,5,6692,0,0,0,0,5,7129,1,0.9375498007968128,0.9353585657370518,1
1,1,807.0,kin8nm,,0,,,,,,,,,,,,,8,8,8048,0,0,0,0,8,8192,1,0.8744513457556936,0.7349896480331263,0
,0,816.0,puma8NH,,,,,,,,,,,,,,,8,8,8156,0,0,0,0,8,8192,1,0.820187985288108,0.8308949734368614,1
,0,819.0,delta_elevators,,,,,,,,,,,,,,,6,6,9464,0,0,0,0,6,9517,1,0.8740845070422536,0.8797887323943663,1
0,1,821.0,house_16H,,,,,,,,,,,,,,,16,16,13488,0,0,0,0,16,22784,1,0.8841611069928342,0.8251544353842352,0
,0,823.0,houses,,,,,,,,,,,,,,,8,8,17828,0,0,0,0,8,20640,1,0.9815541845827881,0.963046052221599,1
,0,833.0,bank32nh,,,,,,,,,,,,,,,32,32,5086,0,0,0,0,32,8192,1,0.789908256880734,0.798165137614679,1
1,1,843.0,house_8L,,,,,,,,,,,,1,,,8,8,13488,0,0,0,0,8,22784,1,0.8710649864096862,0.823671855695577,0
,0,846.0,elevators,,,,,,,,,,,,,,,18,18,10260,0,0,0,0,18,16599,1,0.857551152971744,0.8699577784995128,1
,0,847.0,wind,,,,,,,,,,,,,,,14,14,6146,0,0,0,0,14,6574,1,0.8597613882863341,0.8489154013015184,1
,0,881.0,mv,,,,,,,,,,,,,,,14,14,32894,3,0,0,0,10,40768,1,0.9970381133340784,0.9942438806303789,1
1,1,901.0,fried,,,1,,,,,,,,,,,,10,10,40682,0,0,0,0,10,40768,1,0.9288606806323495,0.8356436414609454,0
,0,923.0,visualizing_soil,,,,,,,,,,,,,,,5,5,7776,1,0,0,0,4,8641,1,1.0,0.9949421345906557,1
,0,959.0,nursery,,,,,,,,,,,,,,,27,27,8640,8,0,0,0,8,12960,1,1.0,1.0,1
,0,976.0,JapaneseVowels,,,,,,,,,,,,,,,14,14,3228,0,0,0,0,14,9961,1,,,
,0,977.0,letter,,,,,,,,,,,,,,,16,16,1626,0,0,0,0,16,20000,1,,,
,0,981.0,kdd_internet_usage,,,,,,,,,,,,,,,205,205,5430,68,0,4,0,68,10108,1,0.859877300613497,0.8592638036809817,1
,0,993.0,kdd_ipums_la_97-small,,,,,,,,,,,,,,,56,115,104,27,0,4,5336,60,7019,0,,,
,0,1002.0,ipums_la_98-small,,,,,,,,,,,,,,,54,199,768,39,1,0,5804,55,7485,1,,,
,0,1019.0,pendigits,,,,,,,,,,,,,,,16,16,2288,0,0,0,0,16,10992,1,,,
,0,1040.0,sylva_prior,,,,,,,,,,,,,,,108,108,1772,0,0,0,0,108,14395,1,,,
0,1,1044.0,eye_movements,,,,,,,,,,,,,,,30,30,7608,3,0,0,0,27,10936,1,0.7323696890056942,0.5722295225580376,0
1,1,1046.0,mozilla4,,,,,,1,,,,,,,,,5,5,10216,0,0,0,0,5,15545,1,0.9361174551386622,0.80489396411093,0
,0,1053.0,jm1,,,,,,,,,,,,,,,21,21,4206,0,0,0,5,21,10885,1,,,
,0,1056.0,mc1,,,,,,,,,,,,,,,38,38,136,0,0,0,0,38,9466,0,,,
,0,1110.0,KDDCup99_full,,,,,,,,,,,,,,,45,45,2144034,7,0,1,0,41,4898431,1,1.0,1.0,1
,0,1113.0,KDDCup99,,,,,,,,,,,,,,,44,44,214402,7,0,1,0,41,494020,1,1.0,1.0,1
,0,1116.0,musk,,,,,,,,,,,,,,,166,166,2034,1,0,1,0,167,6598,1,,,
,0,1119.0,adult-census,,,,,,,,,,,,,,,66,66,15682,8,0,1,0,14,32561,1,0.8400850159404889,0.8248246546227419,1
0,1,1120.0,MagicTelescope,,,,,,,,,,,,,,,10,10,13376,0,0,0,0,10,19020,1,0.8624968851233492,0.771492648891104,0
,0,1169.0,airlines,,,,,,,,,,,,,,,28,28,480528,4,0,2,0,7,539383,1,0.6238666666666667,0.6223333333333333,1
1,,1177.0,BNG(primary-tumor),,,,,,,,,,,,,,,,,,,,,,,,,,,
1,,1178.0,BNG(solar-flare),,,,,,,,,,,,,,,,,,,,,,,,,,,
1,,1179.0,BNG(solar-flare),,,,,,,,,,,,,,,,,,,,,,,,,,,
1,,1180.0,BNG(spect_test),,,,,,,,,,,,,,,,,,,,,,,,,,,
1,,1181.0,BNG(spectf_test),,,,,,,,,,,,,,,,,,,,,,,,,,,
1,,1182.0,BNG(adult),,,,,,,,,,,,,,,,,,,,,,,,,,,
1,,1183.0,BNG(satimage),,,,,,,,,,,,,,,,,,,,,,,,,,,
1,,1185.0,BNG(wine),,,,,,,,,,,,,,,,,,,,,,,,,,,
1,,1186.0,BNG(eucalyptus),,,,,,,,,,,,,,,,,,,,,,,,,,,
1,,1205.0,BNG(Australian),,,,,,,,,,,,,,,,,,,,,,,,,,,
1,,1209.0,BNG(vowel),,,,,,,,,,,,,,,,,,,,,,,,,,,
1,,1211.0,BNG(SPECT),,,,,,,,,,,,,,,,,,,,,,,,,,,
1,,1212.0,BNG(SPECTF),,,,,,,,,,,,,,,,,,,,,,,,,,,
1,,1214.0,BNG(JapaneseVowels),,,,,,,,,,,,,,,,,,,,,,,,,,,
1,0,1216.0,Click_prediction_small,,,,,,,,,,,,1,,,9,9,133562,0,0,0,0,9,1496391,1,0.6408333333333334,0.5971,0
,0,1217.0,Click_prediction_small,,,,,,,,,,,,,,,11,11,13380,0,0,0,0,11,149639,1,0.6354758345789736,0.604932735426009,1
1,0,1218.0,Click_prediction_small,,,,,,,,,,,,1,,,11,11,666008,0,0,0,0,11,1997410,1,0.6458333333333334,0.6021333333333333,0
0,0,1219.0,Click_prediction_small,,,,,,,,,,,,,,,11,11,134178,0,0,0,0,11,399482,1,0.6404,0.6065333333333334,0
1,0,1220.0,Click_prediction_small,,,,,,,,,,,,1,,,9,9,13456,0,0,0,0,9,39948,1,0.6302204607381718,0.5985137478325488,0
,0,1222.0,letter-challenge-unlabeled.arff,,,,,,,,,,,,,,,16,16,14480,0,0,0,0,16,20000,1,0.5897790055248618,0.5627532228360957,1
,0,1226.0,Click_prediction_small,,,,,,,,,,,,,,,9,9,664786,0,0,0,0,9,798964,1,0.5079333333333333,0.5099333333333333,1
1,1,1235.0,Agrawal1,,,,,1,,,,,,,,,,40,40,655910,3,0,0,0,9,1000000,1,0.9485,0.49966666666666665,0
,0,1236.0,Stagger1,,,,,,,,,,,,,,,3,9,223218,3,0,0,0,3,1000000,1,,,
,0,1237.0,Stagger2,,,,,,,,,,,,,,,3,9,888114,3,0,0,0,3,1000000,1,,,
,0,1238.0,Stagger3,,,,,,,,,,,,,,,3,9,667142,3,0,0,0,3,1000000,1,,,
,0,1240.0,AirlinesCodrnaAdult,,,,,,,,,,,,,,,118,118,947304,16,0,3,0,29,1076790,1,0.7971,0.7876,1
,0,1241.0,codrnaNorm,,,,,,,,,,,,,,,8,8,325710,0,0,0,0,8,488565,1,0.9634,0.9520333333333333,1
,0,1242.0,vehicleNorm,,,,,,,,,,,,,,,100,100,98528,0,0,0,0,100,98528,1,0.8669,0.8532666666666666,1
1,,1351.0,"BNG(anneal,1000,1)",,,,,,,,,,,,,,,,,,,,,,,,,,,
1,,1352.0,"BNG(anneal,1000,5)",,,,,,,,,,,,,,,,,,,,,,,,,,,
1,,1353.0,"BNG(anneal,1000,10)",,,,,,,,,,,,,,,,,,,,,,,,,,,
1,,1354.0,"BNG(anneal,5000,1)",,,,,,,,,,,,,,,,,,,,,,,,,,,
1,,1355.0,"BNG(anneal,5000,5)",,,,,,,,,,,,,,,,,,,,,,,,,,,
1,,1356.0,"BNG(anneal,5000,10)",,,,,,,,,,,,,,,,,,,,,,,,,,,
1,,1357.0,"BNG(anneal,10000,1)",,,,,,,,,,,,,,,,,,,,,,,,,,,
1,,1358.0,"BNG(anneal,10000,5)",,,,,,,,,,,,,,,,,,,,,,,,,,,
1,,1359.0,"BNG(anneal,10000,10)",,,,,,,,,,,,,,,,,,,,,,,,,,,
1,,1360.0,"BNG(anneal.ORIG,1000,1)",,,,,,,,,,,,,,,,,,,,,,,,,,,
1,,1361.0,"BNG(anneal.ORIG,1000,5)",,,,,,,,,,,,,,,,,,,,,,,,,,,
1,,1362.0,"BNG(anneal.ORIG,1000,10)",,,,,,,,,,,,,,,,,,,,,,,,,,,
1,,1363.0,"BNG(anneal.ORIG,5000,1)",,,,,,,,,,,,,,,,,,,,,,,,,,,
1,,1364.0,"BNG(anneal.ORIG,5000,5)",,,,,,,,,,,,,,,,,,,,,,,,,,,
1,,1365.0,"BNG(anneal.ORIG,5000,10)",,,,,,,,,,,,,,,,,,,,,,,,,,,
1,,1366.0,"BNG(anneal.ORIG,10000,1)",,,,,,,,,,,,,,,,,,,,,,,,,,,
1,,1367.0,"BNG(anneal.ORIG,10000,5)",,,,,,,,,,,,,,,,,,,,,,,,,,,
1,,1368.0,"BNG(anneal.ORIG,10000,10)",,,,,,,,,,,,,,,,,,,,,,,,,,,
1,,1369.0,"BNG(kr-vs-kp,1000,1)",,,,,,,,,,,,,,,,,,,,,,,,,,,
1,,1370.0,"BNG(kr-vs-kp,1000,5)",,,,,,,,,,,,,,,,,,,,,,,,,,,
1,,1371.0,"BNG(kr-vs-kp,1000,10)",,,,,,,,,,,,,,,,,,,,,,,,,,,
1,,1372.0,"BNG(kr-vs-kp,5000,1)",,,,,,,,,,,,,,,,,,,,,,,,,,,
1,,1373.0,"BNG(kr-vs-kp,5000,5)",,,,,,,,,,,,,,,,,,,,,,,,,,,
1,,1374.0,"BNG(kr-vs-kp,5000,10)",,,,,,,,,,,,,,,,,,,,,,,,,,,
1,,1375.0,"BNG(kr-vs-kp,10000,1)",,,,,,,,,,,,,,,,,,,,,,,,,,,
1,,1376.0,"BNG(kr-vs-kp,10000,5)",,,,,,,,,,,,,,,,,,,,,,,,,,,
1,,1377.0,"BNG(kr-vs-kp,10000,10)",,,,,,,,,,,,,,,,,,,,,,,,,,,
1,,1378.0,"BNG(letter,1000,1)",,,,,,,,,,,,,,,,,,,,,,,,,,,
1,,1379.0,"BNG(letter,1000,5)",,,,,,,,,,,,,,,,,,,,,,,,,,,
1,,1380.0,"BNG(letter,1000,10)",,,,,,,,,,,,,,,,,,,,,,,,,,,
1,,1381.0,"BNG(letter,5000,1)",,,,,,,,,,,,,,,,,,,,,,,,,,,
1,,1382.0,"BNG(letter,5000,5)",,,,,,,,,,,,,,,,,,,,,,,,,,,
1,,1383.0,"BNG(letter,5000,10)",,,,,,,,,,,,,,,,,,,,,,,,,,,
1,,1384.0,"BNG(letter,10000,1)",,,,,,,,,,,,,,,,,,,,,,,,,,,
1,,1385.0,"BNG(letter,10000,5)",,,,,,,,,,,,,,,,,,,,,,,,,,,
1,,1386.0,"BNG(letter,10000,10)",,,,,,,,,,,,,,,,,,,,,,,,,,,
1,,1387.0,"BNG(audiology,1000,1)",,,,,,,,,,,,,,,,,,,,,,,,,,,
1,,1388.0,"BNG(audiology,1000,5)",,,,,,,,,,,,,,,,,,,,,,,,,,,
1,,1389.0,"BNG(audiology,1000,10)",,,,,,,,,,,,,,,,,,,,,,,,,,,
1,,1390.0,"BNG(audiology,5000,1)",,,,,,,,,,,,,,,,,,,,,,,,,,,
1,,1391.0,"BNG(audiology,5000,5)",,,,,,,,,,,,,,,,,,,,,,,,,,,
1,,1392.0,"BNG(audiology,5000,10)",,,,,,,,,,,,,,,,,,,,,,,,,,,
1,,1393.0,"BNG(autos,1000,1)",,,,,,,,,,,,,,,,,,,,,,,,,,,
1,,1394.0,"BNG(autos,1000,5)",,,,,,,,,,,,,,,,,,,,,,,,,,,
1,,1395.0,"BNG(autos,1000,10)",,,,,,,,,,,,,,,,,,,,,,,,,,,
1,,1396.0,"BNG(autos,5000,1)",,,,,,,,,,,,,,,,,,,,,,,,,,,
1,,1397.0,"BNG(autos,5000,5)",,,,,,,,,,,,,,,,,,,,,,,,,,,
1,,1398.0,"BNG(autos,5000,10)",,,,,,,,,,,,,,,,,,,,,,,,,,,
1,,1399.0,"BNG(autos,10000,1)",,,,,,,,,,,,,,,,,,,,,,,,,,,
1,,1400.0,"BNG(autos,10000,5)",,,,,,,,,,,,,,,,,,,,,,,,,,,
1,,1401.0,"BNG(autos,10000,10)",,,,,,,,,,,,,,,,,,,,,,,,,,,
1,,1402.0,"BNG(lymph,1000,1)",,,,,,,,,,,,,,,,,,,,,,,,,,,
1,,1403.0,"BNG(lymph,1000,5)",,,,,,,,,,,,,,,,,,,,,,,,,,,
1,,1404.0,"BNG(lymph,1000,10)",,,,,,,,,,,,,,,,,,,,,,,,,,,
1,,1405.0,"BNG(lymph,5000,1)",,,,,,,,,,,,,,,,,,,,,,,,,,,
1,,1406.0,"BNG(lymph,5000,5)",,,,,,,,,,,,,,,,,,,,,,,,,,,
1,,1407.0,"BNG(lymph,5000,10)",,,,,,,,,,,,,,,,,,,,,,,,,,,
1,,1408.0,"BNG(lymph,10000,1)",,,,,,,,,,,,,,,,,,,,,,,,,,,
1,,1409.0,"BNG(lymph,10000,5)",,,,,,,,,,,,,,,,,,,,,,,,,,,
1,,1410.0,"BNG(lymph,10000,10)",,,,,,,,,,,,,,,,,,,,,,,,,,,
,0,1459.0,artificial-characters,,,,,,,,,,,,,,,7,7,2396,0,0,0,0,7,10218,1,,,
,0,1461.0,bank-marketing,,,,,,,,,,,,,,,51,51,10578,9,0,0,0,16,45211,1,0.8681159420289856,0.8352867044738499,1
1,1,1471.0,eeg-eye-state,,,,,,1,,,,,,,,,14,14,13446,0,0,0,0,14,14980,1,0.9392662369856222,0.5648983639067923,0
,0,1475.0,first-order-theorem-proving,,,,,,,,,,,,,,,51,51,2178,0,0,0,0,51,6118,1,,,
,0,1476.0,gas-drift,,,,,,,,,,,,,,,128,128,5852,0,0,0,0,128,13910,1,0.9981776765375854,0.9981776765375854,1
,0,1477.0,gas-drift-different-concentrations,,,,,,,,,,,,,,,129,129,5852,0,0,0,0,129,13910,1,0.9982915717539862,0.9978359908883826,1
,0,1478.0,har,,,,,,,,,,,,,,,561,561,3812,0,0,0,0,561,10299,0,,,
1,1,1481.0,kr-vs-k,,,,,,,1,,,,,,,,23,23,8388,3,0,0,0,6,28056,1,0.9406436233611443,0.698450536352801,0
1,1,1483.0,ldpa,,0,,,,,,,,,,,,,14,14,65420,2,0,0,0,7,164860,1,0.9591,0.6353333333333333,0
,0,1486.0,nomao,,,,,,,,,,,,,,,174,174,19688,29,0,0,0,118,34465,1,0.9648439704305627,0.9445855200045145,1
1,1,1496.0,ringnorm,,,1,,,,,,,,,,,,20,20,7328,0,0,0,0,20,7400,1,0.9742610277398818,0.7627103228740336,0
,0,1502.0,skin-segmentation,,,,,,,,,,,,,,,3,3,101718,0,0,0,0,3,245057,1,,,
,0,1503.0,spoken-arabic-digit,,,,,,,,,,,,,,,14,14,52932,0,0,0,0,14,263256,1,0.5305,0.5182,1
,0,1507.0,twonorm,,,,,,,,,,,,,,,20,20,7394,0,0,0,0,20,7400,1,0.9742226228030646,0.9783686345200542,1
1,1,1509.0,walking-activity,,0,,,,,,,,,,,,,4,4,41516,0,0,0,0,4,149332,1,0.9168835086925369,0.5205339970584908,0
,0,1531.0,volcanoes-b1,,,,,,,,,,,,,,,3,3,422,0,0,0,0,3,10176,1,,,
,0,1532.0,volcanoes-b2,,,,,,,,,,,,,,,3,3,422,0,0,0,0,3,10668,1,,,
,0,1533.0,volcanoes-b3,,,,,,,,,,,,,,,3,3,416,0,0,0,0,3,10386,1,,,
,0,1534.0,volcanoes-b4,,,,,,,,,,,,,,,3,3,422,0,0,0,0,3,10190,1,,,
,0,1535.0,volcanoes-b5,,,,,,,,,,,,,,,3,3,428,0,0,0,0,3,9989,1,,,
,0,1536.0,volcanoes-b6,,,,,,,,,,,,,,,3,3,422,0,0,0,0,3,10130,1,,,
,0,1537.0,volcanoes-c1,,,,,,,,,,,,,,,3,3,720,0,0,0,0,3,28626,1,,,
,0,1538.0,volcanoes-d1,,,,,,,,,,,,,,,3,3,472,0,0,0,0,3,8753,1,,,
,0,1539.0,volcanoes-d2,,,,,,,,,,,,,,,3,3,478,0,0,0,0,3,9172,1,,,
,0,1540.0,volcanoes-d3,,,,,,,,,,,,,,,3,3,482,0,0,0,0,3,9285,1,,,
,0,1541.0,volcanoes-d4,,,,,,,,,,,,,,,3,3,472,0,0,0,0,3,8654,1,,,
1,1,1567.0,poker-hand,,,,,,,,,,,,,,,10,10,866194,0,0,0,0,10,1025009,1,0.7216333333333333,0.49943333333333334,0
,0,1568.0,nursery,,,,,,,,,,,,,,,27,27,8532,8,0,0,0,8,12958,1,1.0,1.0,1
1,1,1569.0,poker-hand,,,,,,,,,,,,,,,10,10,866192,0,0,0,0,10,1025000,1,0.7377666666666667,0.49666666666666665,0
,0,1590.0,adult,,,,,,,,,,,,,,,66,66,23374,8,0,1,0,14,48842,1,0.841015842687684,0.8195605445426319,1
1,1,1596.0,covertype,,,,,,,,,,,,1,,,93,93,423680,44,0,0,0,54,581012,1,0.8617333333333334,0.7743,0
,0,1597.0,creditcard,,,,,,,,,,,,,,,29,29,984,0,0,0,0,29,284807,1,,,
,0,4154.0,CreditCardSubset,,,,,,,,,,,,,,,30,30,46,0,0,0,0,30,14240,0,,,
,0,4534.0,PhishingWebsites,,,,,,,,,,,,,,,68,68,9796,30,0,0,0,30,11055,1,0.9679482817284791,0.9377339231030962,1
1,1,4538.0,GesturePhaseSegmentationProcessed,,0,,,,,,,,,,,,,32,32,5482,0,0,0,0,32,9873,1,0.9119756838905776,0.7835866261398177,0
0,0,4541.0,Diabetes130US,1,,,,,,,,,,,,,,141,141,71090,36,0,4,0,49,101766,1,0.6594333333333333,0.6248,0
1,1,23512.0,higgs,,,,,,,,,,,,1,,,28,28,92446,0,0,0,1,28,98050,1,0.7138333333333333,0.6391,0
,0,23517.0,numerai28.6,,,,,,,,,,,,,,,21,21,95324,0,0,0,0,21,96320,1,0.5075333333333333,0.5180666666666667,1
1,,40514.0,BNG(credit-g),,,,,,,,,,,,,,,,,,,,,,,,,,,
1,,40515.0,BNG(spambase),,,,,,,,,,,,,,,,,,,,,,,,,,,
1,,40516.0,BNG(optdigits),,,,,,,,,,,,,,,,,,,,,,,,,,,
,0,40517.0,20_newsgroups.drift,,,,,,,,,,,,,,,1989,1989,39994,1000,0,0,0,1000,399940,1,0.4765143634472273,0.47787468992558213,1
1,,40518.0,BNG(ionosphere),,,,,,,,,,,,,,,,,,,,,,,,,,,
1,,40519.0,BNG(segment),,,,,,,,,,,,,,,,,,,,,,,,,,,
1,,40520.0,BNG(anneal),,,,,,,,,,,,,,,,,,,,,,,,,,,
,0,40536.0,SpeedDating,,,,,,,,,,,,,,,118,240,1630,61,1,1,3519,120,8378,1,,,
,0,40666.0,clean2,,,,,,,,,,,,,,,168,168,2034,0,0,0,0,168,6598,1,,,
1,1,40668.0,connect-4,,,,,,,1,,,,,,,,126,126,33270,42,0,0,0,42,67557,1,0.9046524356869184,0.816256157635468,0
,0,40672.0,fars,,,,,,,,,,,,,,,106,106,40014,15,0,0,0,29,100968,1,1.0,1.0,1
,0,40685.0,shuttle,,,,,,,,,,,,,,,9,9,17806,0,0,0,0,9,58000,1,1.0,0.9810932235117932,1
1,1,40922.0,Run_or_walk_information,,0,,,,,,,,,,,,,6,6,88446,0,0,0,0,6,88588,1,0.9882333333333333,0.7127,0
,0,40923.0,Devnagari-Script,,,,,,,,,,,,,,,1024,1024,4000,0,0,0,0,1024,92000,0,,,
1,,40926.0,CIFAR_10_small,,,,,,,,,,,,,,,,,,,,,,,,,,,
1,,40927.0,CIFAR_10,,,,,,,,,,,,,,,,,,,,,,,,,,,
,0,40985.0,tamilnadu-electricity,,,,,,,,,,,,,,,2,2,5810,0,0,0,0,2,45781,1,,,
1,,40996.0,Fashion-MNIST,,,,,,,,,,,,,,,,,,,,,,,,,,,
1,1,41001.0,jungle_chess_2pcs_endgame_complete,,,,,,,1,,,,,,,,75,75,32500,26,0,0,3528,46,44819,1,0.9992,0.9355428571428571,0
,,41026.0,gisette,,,,,,,,,,,,,,,5000,5000,7000,0,0,0,0,5000,7000,0,,,
1,1,41027.0,jungle_chess_2pcs_raw_endgame_complete,,,,,,,1,,,,,,,,6,6,34844,0,0,0,0,6,44819,1,0.916397903648458,0.7550896996573272,0
1,,41039.0,EMNIST_Balanced,,,,,,,,,,,,,,,,,,,,,,,,,,,
,,41081.0,SVHN,,,,,,,,,,,,,,,3072,3072,29468,0,0,0,0,3072,99289,0,,,
,0,41082.0,USPS,,,,,,,,,,,,,,,256,256,2538,0,0,0,0,256,9298,0,,,
,,41103.0,STL-10,,,,,,,,,,,,,,,27648,27648,2600,0,0,0,0,27648,13000,0,,,
,0,41138.0,APSFailure,,,,,,,,,,,,,,,163,163,480,0,7,0,63204,170,76000,0,,,
0,1,41150.0,MiniBooNE,,,,,,,,,,,,,,,50,50,72998,0,0,0,0,50,130064,1,0.9368666666666666,0.8487,0
,,41159.0,guillermo,,,,,,,,,,,,,,,4296,4296,16006,0,0,0,0,4296,20000,0,,,
,0,41160.0,rl,,,,,,,,,,,,,,,15,38,2278,14,0,7,17204,22,31406,1,,,
,,41161.0,riccardo,,,,,,,,,,,,,,,4296,4296,10000,0,0,0,0,4296,20000,0,,,
,0,41162.0,kick,,,,,,,,,,,,,,,1820,1820,17836,18,2,7,383,32,72983,1,0.6829876035631969,0.6752631906808696,1
,,41163.0,dilbert,,,,,,,,,,,,,,,2000,2000,4092,0,0,0,0,2000,10000,0,,,
,0,41164.0,fabert,,,,,,,,,,,,,,,800,800,3030,0,0,0,0,800,8237,0,,,
,,41165.0,robert,,,,,,,,,,,,,,,7200,7200,2070,0,0,0,0,7200,10000,0,,,
,0,41166.0,volkert,,,,,,,,,,,,,,,180,180,23038,0,0,0,0,180,58310,1,0.988927593928838,0.9873517458737663,1
0,1,41168.0,jannis,,,,,,,,,,,,,,,54,54,57580,0,0,0,0,54,83733,1,0.7773666666666667,0.7264,0
,0,41169.0,helena,,,,,,,,,,,,,,,27,27,6126,0,0,0,0,27,65196,1,0.967791077257889,0.9639825897714906,1
1,1,41228.0,Klaverjas2018,,,,,,,1,,,,,,,,32,32,906404,0,0,0,0,32,981541,1,0.8975333333333333,0.6309,0
,0,41434.0,Click_prediction_small,,,,,,,,,,,,,,,5,5,13456,6,0,6,0,11,39948,1,0.5991577904384443,0.5991577904384444,1
,0,41440.0,okcupid-stem,,,,,,,,,,,,,,,106,106,19114,17,0,6,1,19,50789,1,0.6747457134553909,0.676431269979657,1
1,1,41526.0,test_dataset,,,,,,,,,,1,,,,,60,60,15136,0,0,0,14,60,15547,1,0.8435586875137634,0.7944505615503193,0
,0,41671.0,microaggregation2,,,,,,,,,,,,,,,20,20,8964,0,0,0,0,20,20000,1,0.6605204460966543,0.6504832713754647,1
,0,41672.0,airlines,,,,,,,,,,,,,,,28,28,480528,4,0,2,0,7,539383,1,0.6291333333333333,0.6231666666666666,1
,0,41972.0,Indian_pines,,,,,,,,,,,,,,,220,220,5004,0,0,0,0,220,9144,1,0.9145139813581891,0.8768308921438083,1
1,,41982.0,Kuzushiji-MNIST,,,,,,,,,,,,,,,,,,,,,,,,,,,
1,,41983.0,CIFAR-100,,,,,,,,,,,,,,,,,,,,,,,,,,,
1,,41986.0,GTSRB-HOG01,,,,,,,,,,,,,,,,,,,,,,,,,,,
1,,41988.0,GTSRB-HOG02,,,,,,,,,,,,,,,,,,,,,,,,,,,
1,,41989.0,GTSRB-HOG03,,,,,,,,,,,,,,,,,,,,,,,,,,,
1,,41990.0,GTSRB-HueHist,,,,,,,,,,,,,,,,,,,,,,,,,,,
,0,42078.0,beer_reviews,,,,,,,,,,,,,,,9,9,170248,3,0,3,67785,12,1586614,1,0.9937333333333334,0.9754333333333334,1
,0,42087.0,beer_reviews,,,,,,,,,,,,,,,9,9,170248,3,0,3,67785,12,1586614,1,0.9942,0.9744333333333334,1
,0,42088.0,beer_reviews,,,,,,,,,,,,,,,9,9,170248,3,0,3,67785,12,1586614,1,0.9948666666666667,0.9752333333333333,1
,0,42089.0,vancouver_employee,,,,,,,,,,,,,,,9,9,170248,3,0,3,67785,12,1586614,1,0.9943333333333333,0.9757333333333333,1
,,42132.0,Traffic_violations,,,,,,,,,,,,,,,23,57,775110,31,4,15,626305,42,1578154,1,,,
,,42140.0,SVHN_small,,,,,,,,,,,,,,,3072,3072,2946,0,0,0,0,3072,9927,0,,,
,,42141.0,SVHN_medium,,,,,,,,,,,,,,,3072,3072,14734,0,0,0,0,3072,49644,0,,,
,0,42206.0,porto-seguro,,,,,,,,,,,,,,,110,110,12744,25,0,1,461254,37,595212,1,0.5617677824267784,0.583734309623431,1
,0,42252.0,Asteroid_Dataset,,,,,,,,,,,,,,,32,38,276,2,0,1,96,33,126131,0,,,
,0,42256.0,Asteroid_Dataset,,,,,,,,,,,,,,,32,32,276,1,0,1,96,33,126131,0,,,
,0,42343.0,KDD98,,,,,,,,,,,,,,,718,718,7672,136,23,39,51965,477,82318,1,0.5575152041702867,0.5567332754126847,1
,0,42344.0,sf-police-incidents,,,,,,,,,,,,,,,46,46,538638,5,0,1,0,6,538638,1,0.555,0.5407,1
,0,42345.0,Traffic_violations,,,,,,,,,,,,,,,41,41,64490,19,0,10,434,20,70340,1,0.5938666666666667,0.5910333333333333,1
,0,42395.0,SantanderCustomerSatisfaction,,,,,,,,,,,,,,,200,200,40196,1,0,1,0,201,200000,1,0.7896094618193364,0.7789331639942848,1
,0,42397.0,CreditCardFraudDetection,,,,,,,,,,,,,,,30,30,984,0,0,0,0,30,284807,1,,,
,0,42435.0,SantanderCustomerSatisfaction,,,,,,,,,,,,,,,200,200,40196,1,0,1,0,201,200000,1,0.7896094618193364,0.7759565010319098,1
,0,42468.0,hls4ml_lhc_jets_hlf,,,,,,,,,,,,,,,16,16,334250,0,0,0,0,16,830000,1,0.8950333333333333,0.8841,1
,0,42477.0,default-of-credit-card-clients,,,,,,,,,,,,,,,23,23,13272,0,0,0,0,23,30000,1,0.7026619789050729,0.6730286288297338,1
,0,42493.0,airlines,,,,,,,,,,,,,,,27,27,24070,5,0,3,0,7,26969,1,0.6308710033076075,0.6262403528114664,1
0,1,42553.0,BitcoinHeist_Ransomware,,,,,,,,,,,,,,,8,8,24780,1,0,1,0,9,2916697,1,0.960974778459441,0.6668711656441717,0
1,,42680.0,RelevantImagesDatasetTEST,,,,,,,,,,,,,,,,,,,,,,,,,,,
,0,42717.0,Click_prediction_small,,,,,,,,,,,,,,,9,9,13456,0,0,0,0,9,39948,1,0.6242754520683677,0.6022789199900916,1
1,,42718.0,BNG(vehicle),,,,,,,,,,,,,,,,,,,,,,,,,,,
,0,42732.0,sf-police-incidents,,,,,,,,,,,,,,,48,48,538638,5,0,1,0,8,2215023,1,0.5683,0.5425333333333333,1
,0,42733.0,Click_prediction_small,,,,,,,,,,,,,,,5,5,13456,6,0,6,0,11,39948,1,0.5948972008917512,0.597275204359673,1
,0,42734.0,okcupid-stem,,,,,,,,,,,,,,,105,105,19114,17,0,6,1,19,50789,1,0.6693984306887533,0.6709096192967161,1
,0,42738.0,open_payments,,,,,,,,,,,,,,,3,4,146,3,0,2,72145,5,73558,1,,,
,0,42742.0,porto-seguro,,,,,,,,,,,,,,,135,135,12744,31,0,1,461254,57,595212,1,0.5628661087866108,0.5834728033472804,1
,0,42746.0,KDDCup99,,,,,,,,,,,,,,,45,45,2144034,9,0,1,0,41,4898431,1,1.0,1.0,1
,0,42750.0,Census-Income-KDD,,,,,,,,,,,,,,,167,167,24764,28,0,6,0,41,199523,1,0.8750170695070326,0.8690427420456097,1
0,1,42769.0,Higgs,,,,,,,,,,,,,,,28,28,940160,0,0,0,0,28,1000000,1,0.7107,0.6324,0
0,1,42803.0,road-safety,1,,,,,,,,,,,,,,61,61,66552,5,0,5,266368,66,363243,1,0.7918,0.7127333333333333,0
1,,42811.0,PCam16k,,,,,,,,,,,,,,,,,,,,,,,,,,,
1,,42812.0,PCam16k,,,,,,,,,,,,,,,,,,,,,,,,,,,
,,42819.0,OxfordPets,,,,,,,,,,,,,,,49152,49152,400,0,0,0,0,49152,7349,0,,,
,,42820.0,OxfordPets,,,,,,,,,,,,,,,49152,49152,400,0,0,0,0,49152,7349,0,,,
,0,43044.0,drug-directory,,,,,,,,,,,,,,,5,5,92944,14,3,12,4593,19,120215,1,0.9532,0.9247333333333333,1
,0,43439.0,Medical-Appointment-No-Shows,,,,,,,,,,,,,,,10,10,44638,4,0,3,0,12,110527,1,0.6262568324448343,0.6117821715365409,1
,0,43489.0,Census-(Augmented),,,,,,,,,,,,,,,66,66,630668,8,0,1,0,14,1000000,1,0.8744,0.8735,1
,0,43551.0,Employee-Turnover-at-TECHCO,,,,,,,,,,,,,,,9,9,988,0,0,0,0,9,34452,1,,,
,0,43890.0,law-school-admission-bianry,,,,,,,,,,,,,,,20,20,13388,5,0,0,0,11,20800,1,1.0,1.0,1
,0,43898.0,adult,,,,,,,,,,,,,,,65,65,23362,8,0,1,0,14,48790,1,0.8425416567009486,0.8196603683329347,1
,0,43901.0,click_prediction_small,,,,,,,,,,,,,,,4,4,13450,4,0,4,0,8,39926,1,0.5920693928128873,0.5795786864931847,1
,0,43903.0,Diabetes-130-Hospitals_(Fairlearn),,,,,,,,,,,,,,,56,56,22714,16,0,0,0,21,101766,1,0.5958862673926195,0.5953245181920318,1
,0,43904.0,law-school-admission-bianry,,,,,,,,,,,,,,,22,22,13388,5,0,0,0,10,20800,1,0.676674134926562,0.6815533980582524,1