checks_passed,dataset_id,dataset_name,heterogeneous,n_features,n_features_probable,n_pseudo_categorical,n_samples,num_categorical_columns,num_columns_missing,num_high_cardinality,num_rows_missing,original_n_features,original_n_samples,ratio_n_p,score_hbgt,score_logistic,too_easy
0.0,6.0,letter,,16.0,16.0,0.0,1610.0,0.0,0.0,0.0,0.0,16.0,20000.0,1.0,,,
0.0,24.0,mushroom,,117.0,117.0,0.0,7832.0,22.0,0.0,0.0,0.0,22.0,8124.0,1.0,1.0,0.9998297872340425,1
0.0,26.0,nursery,,27.0,27.0,0.0,8532.0,8.0,0.0,0.0,0.0,8.0,12960.0,1.0,1.0,1.0,1
0.0,28.0,optdigits,,51.0,51.0,13.0,1142.0,0.0,0.0,0.0,0.0,64.0,5620.0,1.0,,,
0.0,30.0,page-blocks,,10.0,10.0,0.0,658.0,0.0,0.0,0.0,0.0,10.0,5473.0,1.0,,,
0.0,32.0,pendigits,,16.0,16.0,0.0,2288.0,0.0,0.0,0.0,0.0,16.0,10992.0,1.0,,,
0.0,44.0,spambase,,57.0,57.0,0.0,3626.0,0.0,0.0,0.0,0.0,57.0,4601.0,1.0,0.9538602941176471,0.9229779411764707,1
0.0,60.0,waveform-5000,,40.0,40.0,0.0,3310.0,0.0,0.0,0.0,0.0,40.0,5000.0,1.0,0.9172205438066465,0.9246727089627391,1
,70.0,"BNG(anneal,nominal,1000000)",,,,0.0,,,,,,,,,,,
,71.0,"BNG(anneal.ORIG,nominal,1000000)",,,,0.0,,,,,,,,,,,
,72.0,BNG(kr-vs-kp),,,,0.0,,,,,,,,,,,
,73.0,"BNG(labor,nominal,1000000)",,,,0.0,,,,,,,,,,,
,74.0,"BNG(letter,nominal,1000000)",,,,0.0,,,,,,,,,,,
,75.0,"BNG(autos,nominal,1000000)",,,,0.0,,,,,,,,,,,
,76.0,"BNG(lymph,nominal,1000000)",,,,0.0,,,,,,,,,,,
,77.0,"BNG(breast-cancer,nominal,1000000)",,,,0.0,,,,,,,,,,,
,78.0,"BNG(mfeat-fourier,nominal,1000000)",,,,0.0,,,,,,,,,,,
,115.0,"BNG(mfeat-karhunen,nominal,1000000)",,,,0.0,,,,,,,,,,,
,116.0,"BNG(bridges_version1,nominal,1000000)",,,,0.0,,,,,,,,,,,
,117.0,"BNG(bridges_version2,nominal,1000000)",,,,0.0,,,,,,,,,,,
,118.0,"BNG(mfeat-zernike,nominal,1000000)",,,,0.0,,,,,,,,,,,
,119.0,"BNG(cmc,nominal,55296)",,,,0.0,,,,,,,,,,,
,120.0,BNG(mushroom),,,,0.0,,,,,,,,,,,
,121.0,"BNG(colic.ORIG,nominal,1000000)",,,,0.0,,,,,,,,,,,
,122.0,"BNG(colic,nominal,1000000)",,,,0.0,,,,,,,,,,,
,123.0,BNG(optdigits),,,,0.0,,,,,,,,,,,
,124.0,"BNG(credit-a,nominal,1000000)",,,,0.0,,,,,,,,,,,
,125.0,"BNG(page-blocks,nominal,295245)",,,,0.0,,,,,,,,,,,
,126.0,"BNG(credit-g,nominal,1000000)",,,,0.0,,,,,,,,,,,
,127.0,"BNG(pendigits,nominal,1000000)",,,,0.0,,,,,,,,,,,
,128.0,"BNG(cylinder-bands,nominal,1000000)",,,,0.0,,,,,,,,,,,
,129.0,"BNG(dermatology,nominal,1000000)",,,,0.0,,,,,,,,,,,
,130.0,BNG(segment),,,,0.0,,,,,,,,,,,
,131.0,"BNG(sick,nominal,1000000)",,,,0.0,,,,,,,,,,,
,132.0,"BNG(sonar,nominal,1000000)",,,,0.0,,,,,,,,,,,
,133.0,"BNG(glass,nominal,137781)",,,,0.0,,,,,,,,,,,
,134.0,BNG(soybean),,,,0.0,,,,,,,,,,,
,135.0,BNG(spambase),,,,0.0,,,,,,,,,,,
,136.0,"BNG(heart-c,nominal,1000000)",,,,0.0,,,,,,,,,,,
,137.0,BNG(tic-tac-toe),,,,0.0,,,,,,,,,,,
,138.0,"BNG(heart-h,nominal,1000000)",,,,0.0,,,,,,,,,,,
,139.0,BNG(trains),,,,0.0,,,,,,,,,,,
,140.0,"BNG(heart-statlog,nominal,1000000)",,,,0.0,,,,,,,,,,,
,141.0,"BNG(vehicle,nominal,1000000)",,,,0.0,,,,,,,,,,,
,142.0,"BNG(hepatitis,nominal,1000000)",,,,0.0,,,,,,,,,,,
,143.0,BNG(vote),,,,0.0,,,,,,,,,,,
,144.0,"BNG(hypothyroid,nominal,1000000)",,,,0.0,,,,,,,,,,,
,146.0,BNG(ionosphere),,,,0.0,,,,,,,,,,,
,147.0,"BNG(waveform-5000,nominal,1000000)",,,,0.0,,,,,,,,,,,
,148.0,"BNG(zoo,nominal,1000000)",,,,0.0,,,,,,,,,,,
,149.0,CovPokElec,,,,0.0,,,,,,,,,,,
1,150.0,covertype,,93,93,0.0,423680,44,0,0,0,54,581012,1,0.8599333333333333,0.7726333333333333,0
1,151.0,electricity,,14,14,0.0,38474,1,0,0,0,8,45312,1,0.8909005708443384,0.74861548947772,0
0,152.0,Hyperplane_10_1E-3,,10,10,0.0,999986,0,0,0,0,10,1000000,1,0.6860666666666667,0.6948,1
0,153.0,Hyperplane_10_1E-4,,10,10,0.0,999668,0,0,0,0,10,1000000,1,0.8857333333333334,0.9129,1
0,154.0,LED(50000),,48,48,0.0,201426,24,0,0,0,24,1000000,1,0.834,0.8028333333333333,1
1,155.0,pokerhand,,25,25,0.0,700852,5,0,0,0,10,829201,1,1.0,0.6001333333333333,0
,156.0,RandomRBF_0_0,,,,0.0,,,,,,,,,,,
,157.0,RandomRBF_10_1E-3,,,,0.0,,,,,,,,,,,
,158.0,RandomRBF_10_1E-4,,,,0.0,,,,,,,,,,,
,159.0,RandomRBF_50_1E-3,,,,0.0,,,,,,,,,,,
,160.0,RandomRBF_50_1E-4,,,,0.0,,,,,,,,,,,
0,161.0,SEA(50),,3,3,0.0,1000000,0,0,0,0,3,1000000,1,,,
0,162.0,SEA(50000),,3,3,0.0,1000000,0,0,0,0,3,1000000,1,,,
0,179.0,adult,,82,82,0.0,23374,12,0,1,0,14,48842,1,0.8234615078417323,0.8248547090199825,1
1,180.0,covertype,,89,89,4.0,77812,40,0,0,0,54,110393,1,0.8533333333333334,0.7650333333333333,0
,182.0,satimage,,,,4.0,,,,,,,,,,,
0,183.0,abalone,,8,10,0.0,1268,1,0,0,0,8,4177,1,,,
1,184.0,kropt,,39,39,0.0,8388,6,0,0,0,6,28056,1,0.9307111640842273,0.7469209376241557,0
,244.0,BNG(anneal),,,,0.0,,,,,,,,,,,
,245.0,BNG(anneal.ORIG),,,,0.0,,,,,,,,,,,
,246.0,BNG(labor),,,,0.0,,,,,,,,,,,
,247.0,BNG(letter),,,,0.0,,,,,,,,,,,
,248.0,BNG(autos),,,,0.0,,,,,,,,,,,
,249.0,BNG(lymph),,,,0.0,,,,,,,,,,,
,250.0,BNG(mfeat-fourier),,,,0.0,,,,,,,,,,,
,251.0,BNG(breast-w),,,,0.0,,,,,,,,,,,
,252.0,BNG(mfeat-karhunen),,,,0.0,,,,,,,,,,,
,253.0,BNG(bridges_version1),,,,0.0,,,,,,,,,,,
,254.0,BNG(mfeat-zernike),,,,0.0,,,,,,,,,,,
,255.0,BNG(cmc),,,,0.0,,,,,,,,,,,
,256.0,BNG(colic.ORIG),,,,0.0,,,,,,,,,,,
,257.0,BNG(colic),,,,0.0,,,,,,,,,,,
,258.0,BNG(credit-a),,,,0.0,,,,,,,,,,,
,259.0,BNG(page-blocks),,,,0.0,,,,,,,,,,,
,260.0,BNG(credit-g),,,,0.0,,,,,,,,,,,
,261.0,BNG(pendigits),,,,0.0,,,,,,,,,,,
,262.0,BNG(cylinder-bands),,,,0.0,,,,,,,,,,,
,263.0,BNG(dermatology),,,,0.0,,,,,,,,,,,
,264.0,BNG(sonar),,,,0.0,,,,,,,,,,,
,265.0,BNG(glass),,,,0.0,,,,,,,,,,,
,266.0,BNG(heart-c),,,,0.0,,,,,,,,,,,
,267.0,BNG(heart-statlog),,,,0.0,,,,,,,,,,,
,268.0,BNG(vehicle),,,,0.0,,,,,,,,,,,
,269.0,BNG(hepatitis),,,,0.0,,,,,,,,,,,
,271.0,BNG(waveform-5000),,,,0.0,,,,,,,,,,,
,272.0,BNG(zoo),,,,0.0,,,,,,,,,,,
0,273.0,IMDB.drama,,0,0,1001.0,120919,0,0,0,0,1001,120919,1,,,
0,274.0,20_newsgroups.drift,,1989,1989,0.0,39994,1001,0,1,0,1001,399940,1,0.4711130671361127,0.47787468992558213,1
0,279.0,meta_stream_intervals.arff,,72,72,1.0,11818,1,0,1,0,74,45164,1,0.9971235194585448,0.9725888324873097,1
1,293.0,covertype,,10,10,44.0,566602,0,0,0,0,54,581012,1,0.822,0.6173333333333333,0
0,300.0,isolet,,613,613,4.0,600,0,0,0,0,617,7797,0,,,
0,310.0,mammography,,6,6,0.0,520,0,0,0,0,6,11183,1,,,
0,350.0,webdata_wXa,,0,0,123.0,36974,0,0,0,0,123,36974,1,,,
0,351.0,codrna,,8,8,0.0,325710,0,0,0,0,8,488565,1,0.9639333333333333,0.9512,1
1,354.0,poker,,5,5,5.0,1022616,0,0,0,0,10,1025010,1,0.7906333333333333,0.49533333333333335,0
0,357.0,vehicle_sensIT,,100,100,0.0,98528,0,0,0,0,100,98528,1,0.8667666666666667,0.8549666666666667,1
0,372.0,internet_usage,,67,220,0.0,2916,71,0,4,0,71,10108,1,,,
0,373.0,UNIX_user_data,,1,1,0.0,9100,1,0,1,0,2,9100,1,,,
0,375.0,JapaneseVowels,,14,14,0.0,2946,0,0,0,0,14,9961,1,,,
0,378.0,ipums_la_99-small,,41,199,0.0,1623,60,0,19,7221,60,8844,1,,,
0,381.0,ipums_la_98-small,,40,204,0.0,1681,60,1,19,5804,60,7485,1,,,
0,382.0,ipums_la_97-small,,42,202,0.0,1683,60,0,18,5336,60,7019,1,,,
,390.0,new3s.wc,,3613,3613,23219.0,1136,0,0,0,0,26832,9558,0,,,
0,399.0,ohscal.wc,,665,665,10800.0,2900,0,0,0,0,11465,11162,0,,,
,554.0,mnist_784,,,,10800.0,,,,,,,,,,,
0,720.0,abalone,,10,10,0.0,4162,1,0,0,0,8,4177,1,0.7735788630904723,0.788951160928743,1
1,722.0,pol,,26,26,22.0,10082,0,0,0,0,48,15000,1,0.9860495867768595,0.8493223140495868,0
0,725.0,bank8FM,,7,7,1.0,6614,0,0,0,0,8,8192,1,0.9422670025188917,0.9448866498740554,1
0,727.0,2dplanes,,0,0,10.0,40768,0,0,0,0,10,40768,1,,,
0,728.0,analcatdata_supreme,,2,2,5.0,4052,0,0,0,0,7,4052,1,,,
0,734.0,ailerons,,33,33,7.0,11656,0,0,0,0,40,13750,1,0.884358021160995,0.8795539033457249,1
0,735.0,cpu_small,,12,12,0.0,4954,0,0,0,0,12,8192,1,0.9175521183591122,0.9010087424344316,1
1,752.0,puma32H,,32,32,0.0,8128,0,0,0,0,32,8192,1,0.8782287822878228,0.6491184911849119,0
0,761.0,cpu_act,,21,21,0.0,4954,0,0,0,0,21,8192,1,0.9279085406859447,0.9195696032279759,1
0,803.0,delta_ailerons,,5,5,0.0,6692,0,0,0,0,5,7129,1,0.9387450199203189,0.9359561752988048,1
1,807.0,kin8nm,,8,8,0.0,8048,0,0,0,0,8,8192,1,0.8746997929606625,0.7334161490683231,0
0,816.0,puma8NH,,8,8,0.0,8156,0,0,0,0,8,8192,1,0.8187167960768289,0.8239476910502657,1
0,819.0,delta_elevators,,5,5,1.0,9464,0,0,0,0,6,9517,1,0.8677464788732394,0.8759154929577464,1
1,821.0,house_16H,,16,16,0.0,13488,0,0,0,0,16,22784,1,0.8838151717321473,0.8221892760069187,0
0,823.0,houses,,8,8,0.0,17828,0,0,0,0,8,20640,1,0.9813049168068798,0.9623605658378512,1
0,833.0,bank32nh,,28,28,4.0,5086,0,0,0,0,32,8192,1,0.7783748361730013,0.789646133682831,1
1,843.0,house_8L,,8,8,0.0,13488,0,0,0,0,8,22784,1,0.8715591796392388,0.8277242401779097,0
0,846.0,elevators,,16,16,2.0,10260,0,0,0,0,18,16599,1,0.8587853199090614,0.8665151023059433,1
0,847.0,wind,,14,14,0.0,6146,0,0,0,0,14,6574,1,0.8594360086767896,0.8513015184381778,1
0,881.0,mv,,14,14,0.0,32894,3,0,0,0,10,40768,1,0.9977646138370404,0.9952498044037107,1
1,901.0,fried,,10,10,0.0,40682,0,0,0,0,10,40768,1,0.9280819250837162,0.8376294681099603,0
0,923.0,visualizing_soil,,5,5,0.0,7776,1,0,0,0,4,8641,1,0.9998285469352766,0.9947706815259323,1
0,959.0,nursery,,27,27,0.0,8640,8,0,0,0,8,12960,1,1.0,1.0,1
0,976.0,JapaneseVowels,,14,14,0.0,3228,0,0,0,0,14,9961,1,0.9865841073271413,0.9589267285861712,1
0,977.0,letter,,16,16,0.0,1626,0,0,0,0,16,20000,1,,,
0,979.0,waveform-5000,,40,40,0.0,3384,0,0,0,0,40,5000,1,0.8769685039370078,0.8681102362204725,1
0,980.0,optdigits,,51,51,13.0,1144,0,0,0,0,64,5620,1,,,
0,981.0,kdd_internet_usage,,205,205,0.0,5430,68,0,4,0,68,10108,1,0.86920245398773,0.8679754601226994,1
0,993.0,kdd_ipums_la_97-small,,43,113,13.0,1683,27,0,4,5336,60,7019,1,,,
0,1002.0,ipums_la_98-small,,54,208,0.0,1681,39,1,0,5804,55,7485,1,,,
0,1018.0,ipums_la_99-small,,56,220,0.0,1623,41,0,0,7221,56,8844,1,,,
0,1019.0,pendigits,,16,16,0.0,2288,0,0,0,0,16,10992,1,,,
0,1021.0,page-blocks,,10,10,0.0,1120,0,0,0,0,10,5473,1,,,
0,1037.0,ada_prior,,13,61,0.0,2264,8,0,1,0,14,4562,1,,,
0,1039.0,hiva_agnostic,,0,0,1617.0,4229,0,0,0,0,1617,4229,1,,,
0,1040.0,sylva_prior,,20,20,88.0,1772,0,0,0,0,108,14395,1,,,
1,1044.0,eye_movements,,26,26,4.0,7608,3,0,0,0,27,10936,1,0.6535260621988612,0.5689005694261937,0
1,1046.0,mozilla4,,4,4,1.0,10216,0,0,0,0,5,15545,1,0.932593800978793,0.8081566068515498,0
0,1053.0,jm1,,21,21,0.0,4206,0,0,0,5,21,10885,1,0.6445324881141046,0.6497622820919176,1
0,1056.0,mc1,,34,34,4.0,136,0,0,0,0,38,9466,0,,,
0,1069.0,pc2,,35,35,1.0,46,0,0,0,0,36,5589,0,,,
0,1110.0,KDDCup99_full,,38,38,7.0,2144034,7,0,1,0,41,4898431,1,1.0,1.0,1
0,1111.0,KDDCup09_appetency,,49,79,51.0,154,38,111,19,46654,230,50000,0,,,
0,1112.0,KDDCup09_churn,,49,79,51.0,218,38,111,19,46654,230,50000,0,,,
0,1113.0,KDDCup99,,36,36,8.0,214402,7,0,1,0,41,494020,1,1.0,1.0,1
0,1114.0,KDDCup09_upselling,,49,87,51.0,688,38,111,19,46654,230,50000,1,,,
0,1116.0,musk,,166,166,0.0,2034,1,0,1,0,167,6598,1,,,
0,1119.0,adult-census,,66,66,0.0,15682,8,0,1,0,14,32561,1,0.8351115834218916,0.8165356004250797,1
1,1120.0,MagicTelescope,,10,10,0.0,13376,0,0,0,0,10,19020,1,0.8633441315723898,0.7738350361325692,0
0,1169.0,airlines,,28,28,0.0,480528,4,0,2,0,7,539383,1,0.622,0.6199333333333333,1
,1177.0,BNG(primary-tumor),,,,0.0,,,,,,,,,,,
,1178.0,BNG(solar-flare),,,,0.0,,,,,,,,,,,
,1179.0,BNG(solar-flare),,,,0.0,,,,,,,,,,,
,1180.0,BNG(spect_test),,,,0.0,,,,,,,,,,,
,1181.0,BNG(spectf_test),,,,0.0,,,,,,,,,,,
,1182.0,BNG(adult),,,,0.0,,,,,,,,,,,
,1183.0,BNG(satimage),,,,0.0,,,,,,,,,,,
,1185.0,BNG(wine),,,,0.0,,,,,,,,,,,
,1186.0,BNG(eucalyptus),,,,0.0,,,,,,,,,,,
,1205.0,BNG(Australian),,,,0.0,,,,,,,,,,,
,1209.0,BNG(vowel),,,,0.0,,,,,,,,,,,
,1211.0,BNG(SPECT),,,,0.0,,,,,,,,,,,
,1212.0,BNG(SPECTF),,,,0.0,,,,,,,,,,,
,1214.0,BNG(JapaneseVowels),,,,0.0,,,,,,,,,,,
0,1216.0,Click_prediction_small,,1,1,2.0,1496391,6,0,6,0,9,1496391,1,,,
0,1217.0,Click_prediction_small,,2,2,2.0,149639,7,0,7,0,11,149639,1,,,
0,1218.0,Click_prediction_small,,2,2,2.0,1997410,7,0,7,0,11,1997410,1,,,
0,1219.0,Click_prediction_small,,2,2,2.0,399482,7,0,7,0,11,399482,1,,,
0,1220.0,Click_prediction_small,,1,1,2.0,39948,6,0,6,0,9,39948,1,,,
1,1222.0,letter-challenge-unlabeled.arff,,16,16,0.0,14480,0,0,0,0,16,20000,1,0.5916206261510129,0.5593001841620626,0
0,1226.0,Click_prediction_small,,1,1,2.0,798964,6,0,6,0,9,798964,1,,,
1,1235.0,Agrawal1,,40,40,0.0,655910,3,0,0,0,9,1000000,1,0.9459666666666666,0.5014333333333333,0
0,1236.0,Stagger1,,3,9,0.0,1000000,3,0,0,0,3,1000000,1,,,
0,1237.0,Stagger2,,3,9,0.0,1000000,3,0,0,0,3,1000000,1,,,
0,1238.0,Stagger3,,3,9,0.0,1000000,3,0,0,0,3,1000000,1,,,
0,1240.0,AirlinesCodrnaAdult,,118,118,0.0,947304,16,0,3,0,29,1076790,1,0.7978,0.7854333333333333,1
0,1241.0,codrnaNorm,,8,8,0.0,325710,0,0,0,0,8,488565,1,0.9659333333333333,0.9543,1
0,1242.0,vehicleNorm,,100,100,0.0,98528,0,0,0,0,100,98528,1,0.871,0.8562666666666666,1
,1351.0,"BNG(anneal,1000,1)",,,,0.0,,,,,,,,,,,
,1352.0,"BNG(anneal,1000,5)",,,,0.0,,,,,,,,,,,
,1353.0,"BNG(anneal,1000,10)",,,,0.0,,,,,,,,,,,
,1354.0,"BNG(anneal,5000,1)",,,,0.0,,,,,,,,,,,
,1355.0,"BNG(anneal,5000,5)",,,,0.0,,,,,,,,,,,
,1356.0,"BNG(anneal,5000,10)",,,,0.0,,,,,,,,,,,
,1357.0,"BNG(anneal,10000,1)",,,,0.0,,,,,,,,,,,
,1358.0,"BNG(anneal,10000,5)",,,,0.0,,,,,,,,,,,
,1359.0,"BNG(anneal,10000,10)",,,,0.0,,,,,,,,,,,
,1360.0,"BNG(anneal.ORIG,1000,1)",,,,0.0,,,,,,,,,,,
,1361.0,"BNG(anneal.ORIG,1000,5)",,,,0.0,,,,,,,,,,,
,1362.0,"BNG(anneal.ORIG,1000,10)",,,,0.0,,,,,,,,,,,
,1363.0,"BNG(anneal.ORIG,5000,1)",,,,0.0,,,,,,,,,,,
,1364.0,"BNG(anneal.ORIG,5000,5)",,,,0.0,,,,,,,,,,,
,1365.0,"BNG(anneal.ORIG,5000,10)",,,,0.0,,,,,,,,,,,
,1366.0,"BNG(anneal.ORIG,10000,1)",,,,0.0,,,,,,,,,,,
,1367.0,"BNG(anneal.ORIG,10000,5)",,,,0.0,,,,,,,,,,,
,1368.0,"BNG(anneal.ORIG,10000,10)",,,,0.0,,,,,,,,,,,
,1369.0,"BNG(kr-vs-kp,1000,1)",,,,0.0,,,,,,,,,,,
,1370.0,"BNG(kr-vs-kp,1000,5)",,,,0.0,,,,,,,,,,,
,1371.0,"BNG(kr-vs-kp,1000,10)",,,,0.0,,,,,,,,,,,
,1372.0,"BNG(kr-vs-kp,5000,1)",,,,0.0,,,,,,,,,,,
,1373.0,"BNG(kr-vs-kp,5000,5)",,,,0.0,,,,,,,,,,,
,1374.0,"BNG(kr-vs-kp,5000,10)",,,,0.0,,,,,,,,,,,
,1375.0,"BNG(kr-vs-kp,10000,1)",,,,0.0,,,,,,,,,,,
,1376.0,"BNG(kr-vs-kp,10000,5)",,,,0.0,,,,,,,,,,,
,1377.0,"BNG(kr-vs-kp,10000,10)",,,,0.0,,,,,,,,,,,
,1378.0,"BNG(letter,1000,1)",,,,0.0,,,,,,,,,,,
,1379.0,"BNG(letter,1000,5)",,,,0.0,,,,,,,,,,,
,1380.0,"BNG(letter,1000,10)",,,,0.0,,,,,,,,,,,
,1381.0,"BNG(letter,5000,1)",,,,0.0,,,,,,,,,,,
,1382.0,"BNG(letter,5000,5)",,,,0.0,,,,,,,,,,,
,1383.0,"BNG(letter,5000,10)",,,,0.0,,,,,,,,,,,
,1384.0,"BNG(letter,10000,1)",,,,0.0,,,,,,,,,,,
,1385.0,"BNG(letter,10000,5)",,,,0.0,,,,,,,,,,,
,1386.0,"BNG(letter,10000,10)",,,,0.0,,,,,,,,,,,
,1387.0,"BNG(audiology,1000,1)",,,,0.0,,,,,,,,,,,
,1388.0,"BNG(audiology,1000,5)",,,,0.0,,,,,,,,,,,
,1389.0,"BNG(audiology,1000,10)",,,,0.0,,,,,,,,,,,
,1390.0,"BNG(audiology,5000,1)",,,,0.0,,,,,,,,,,,
,1391.0,"BNG(audiology,5000,5)",,,,0.0,,,,,,,,,,,
,1392.0,"BNG(audiology,5000,10)",,,,0.0,,,,,,,,,,,
,1393.0,"BNG(autos,1000,1)",,,,0.0,,,,,,,,,,,
,1394.0,"BNG(autos,1000,5)",,,,0.0,,,,,,,,,,,
,1395.0,"BNG(autos,1000,10)",,,,0.0,,,,,,,,,,,
,1396.0,"BNG(autos,5000,1)",,,,0.0,,,,,,,,,,,
,1397.0,"BNG(autos,5000,5)",,,,0.0,,,,,,,,,,,
,1398.0,"BNG(autos,5000,10)",,,,0.0,,,,,,,,,,,
,1399.0,"BNG(autos,10000,1)",,,,0.0,,,,,,,,,,,
,1400.0,"BNG(autos,10000,5)",,,,0.0,,,,,,,,,,,
,1401.0,"BNG(autos,10000,10)",,,,0.0,,,,,,,,,,,
,1402.0,"BNG(lymph,1000,1)",,,,0.0,,,,,,,,,,,
,1403.0,"BNG(lymph,1000,5)",,,,0.0,,,,,,,,,,,
,1404.0,"BNG(lymph,1000,10)",,,,0.0,,,,,,,,,,,
,1405.0,"BNG(lymph,5000,1)",,,,0.0,,,,,,,,,,,
,1406.0,"BNG(lymph,5000,5)",,,,0.0,,,,,,,,,,,
,1407.0,"BNG(lymph,5000,10)",,,,0.0,,,,,,,,,,,
,1408.0,"BNG(lymph,10000,1)",,,,0.0,,,,,,,,,,,
,1409.0,"BNG(lymph,10000,5)",,,,0.0,,,,,,,,,,,
,1410.0,"BNG(lymph,10000,10)",,,,0.0,,,,,,,,,,,
0,1459.0,artificial-characters,,6,6,1.0,2396,0,0,0,0,7,10218,1,,,
0,1460.0,banana,,2,2,0.0,5300,0,0,0,0,2,5300,1,,,
0,1461.0,bank-marketing,,51,51,0.0,10578,9,0,0,0,16,45211,1,0.8635790800252048,0.8298676748582231,1
1,1471.0,eeg-eye-state,,14,14,0.0,13446,0,0,0,0,14,14980,1,0.940604858701041,0.626078334159643,0
0,1475.0,first-order-theorem-proving,,51,51,0.0,2178,0,0,0,0,51,6118,1,,,
0,1476.0,gas-drift,,128,128,0.0,5852,0,0,0,0,128,13910,1,0.9972665148063781,0.9977220956719817,1
0,1477.0,gas-drift-different-concentrations,,129,129,0.0,5852,0,0,0,0,129,13910,1,0.9984054669703873,0.9978359908883828,1
0,1478.0,har,,561,561,0.0,3812,0,0,0,0,561,10299,0,,,
0,1481.0,kr-vs-k,,3,20,3.0,28056,3,0,0,0,6,28056,1,,,
1,1483.0,ldpa,,14,14,0.0,65420,2,0,0,0,7,164860,1,0.9642,0.6368,0
0,1486.0,nomao,,159,159,15.0,19688,29,0,0,0,118,34465,1,0.9649568308786186,0.9458834151571581,1
1,1489.0,phoneme,,5,5,0.0,3172,0,0,0,0,5,5404,1,0.8718487394957982,0.7411764705882353,0
1,1496.0,ringnorm,,20,20,0.0,7328,0,0,0,0,20,7400,1,0.97462482946794,0.7602546612096407,0
1,1497.0,wall-robot-navigation,,24,24,0.0,4194,0,0,0,0,24,5456,1,0.9980937251787132,0.8027005559968229,0
0,1502.0,skin-segmentation,,3,3,0.0,245057,0,0,0,0,3,245057,1,,,
0,1503.0,spoken-arabic-digit,,13,13,1.0,52932,0,0,0,0,14,263256,1,0.5342333333333333,0.5129333333333334,1
0,1507.0,twonorm,,20,20,0.0,7394,0,0,0,0,20,7400,1,0.972780531771068,0.9764758900405589,1
1,1509.0,walking-activity,,4,4,0.0,41516,0,0,0,0,4,149332,1,0.9164309688124599,0.5018290153486442,0
0,1525.0,wall-robot-navigation,,2,2,0.0,5456,0,0,0,0,2,5456,1,,,
0,1526.0,wall-robot-navigation,,4,4,0.0,4194,0,0,0,0,4,5456,1,0.9993645750595711,0.9694996028594123,1
0,1531.0,volcanoes-b1,,3,3,0.0,10176,0,0,0,0,3,10176,1,,,
0,1532.0,volcanoes-b2,,3,3,0.0,10668,0,0,0,0,3,10668,1,,,
0,1533.0,volcanoes-b3,,3,3,0.0,10386,0,0,0,0,3,10386,1,,,
0,1534.0,volcanoes-b4,,3,3,0.0,10190,0,0,0,0,3,10190,1,,,
0,1535.0,volcanoes-b5,,3,3,0.0,9989,0,0,0,0,3,9989,1,,,
0,1536.0,volcanoes-b6,,3,3,0.0,10130,0,0,0,0,3,10130,1,,,
0,1537.0,volcanoes-c1,,3,3,0.0,28626,0,0,0,0,3,28626,1,,,
0,1538.0,volcanoes-d1,,3,3,0.0,8753,0,0,0,0,3,8753,1,,,
0,1539.0,volcanoes-d2,,3,3,0.0,9172,0,0,0,0,3,9172,1,,,
0,1540.0,volcanoes-d3,,3,3,0.0,9285,0,0,0,0,3,9285,1,,,
0,1541.0,volcanoes-d4,,3,3,0.0,8654,0,0,0,0,3,8654,1,,,
0,1557.0,abalone,,8,10,0.0,2814,1,0,0,0,8,4177,1,,,
0,1558.0,bank-marketing,,16,51,0.0,1042,9,0,0,0,16,4521,1,,,
1,1567.0,poker-hand,,5,5,5.0,866194,0,0,0,0,10,1025009,1,0.8015,0.49803333333333333,0
0,1568.0,nursery,,27,27,0.0,8532,8,0,0,0,8,12958,1,1.0,1.0,1
1,1569.0,poker-hand,,5,5,5.0,866192,0,0,0,0,10,1025000,1,0.78,0.4995,0
0,1590.0,adult,,66,66,0.0,23374,8,0,1,0,14,48842,1,0.8448770002388345,0.8224265583950322,1
1,1596.0,covertype,,93,93,0.0,423680,44,0,0,0,54,581012,1,0.8621,0.7686333333333333,0
0,1597.0,creditcard,,29,29,0.0,984,0,0,0,0,29,284807,1,,,
0,4135.0,Amazon_employee_access,,0,0,0.0,32769,9,0,9,0,9,32769,1,,,
0,4154.0,CreditCardSubset,,30,30,0.0,46,0,0,0,0,30,14240,0,,,
0,4534.0,PhishingWebsites,,68,68,0.0,9796,30,0,0,0,30,11055,1,0.9691051378019735,0.9363048656005443,1
1,4538.0,GesturePhaseSegmentationProcessed,,32,32,0.0,5482,0,0,0,0,32,9873,1,0.9128267477203649,0.7894224924012156,0
0,4541.0,Diabetes130US,,163,163,1.0,71090,40,0,6,0,49,101766,1,0.6310333333333333,0.6151333333333333,1
0,4552.0,BachChoralHarmony,,14,37,1.0,978,14,0,1,0,16,5665,1,,,
1,23512.0,higgs,,24,24,4.0,92446,0,0,0,1,28,98050,1,0.7129,0.6311,0
0,23517.0,numerai28.6,,21,21,0.0,95324,0,0,0,0,21,96320,1,0.5174333333333333,0.5184666666666666,1
0,40498.0,wine-quality-white,,11,11,0.0,2914,0,0,0,0,11,4898,1,,,
0,40499.0,texture,,40,40,0.0,1000,0,0,0,0,40,5500,1,,,
,40514.0,BNG(credit-g),,,,0.0,,,,,,,,,,,
,40515.0,BNG(spambase),,,,0.0,,,,,,,,,,,
,40516.0,BNG(optdigits),,,,0.0,,,,,,,,,,,
0,40517.0,20_newsgroups.drift,,1989,1989,0.0,39994,1000,0,0,0,1000,399940,1,0.4715131631591582,0.4778346803232776,1
,40518.0,BNG(ionosphere),,,,0.0,,,,,,,,,,,
,40519.0,BNG(segment),,,,0.0,,,,,,,,,,,
,40520.0,BNG(anneal),,,,0.0,,,,,,,,,,,
0,40536.0,SpeedDating,,112,234,6.0,1684,61,1,1,3412,120,8378,1,,,
0,40666.0,clean2,,168,168,0.0,2034,0,0,0,0,168,6598,1,,,
1,40668.0,connect-4,,126,126,0.0,33270,42,0,0,0,42,67557,1,0.9035577449370553,0.810016420361248,0
0,40672.0,fars,,106,106,0.0,40014,15,0,0,0,29,100968,1,1.0,1.0,1
0,40685.0,shuttle,,9,9,0.0,17806,0,0,0,0,9,58000,1,1.0,0.9799700486709098,1
0,40701.0,churn,,20,33,0.0,1414,4,0,0,0,20,5000,1,,,
0,40900.0,Satellite,,36,36,0.0,150,0,0,0,0,36,5100,0,,,
1,40922.0,Run_or_walk_information,,6,6,0.0,88446,0,0,0,0,6,88588,1,0.9890333333333333,0.7186666666666667,0
0,40923.0,Devnagari-Script,,784,784,240.0,4000,0,0,0,0,1024,92000,0,,,
,40926.0,CIFAR_10_small,,,,240.0,,,,,,,,,,,
,40927.0,CIFAR_10,,,,240.0,,,,,,,,,,,
0,40983.0,wilt,,5,5,0.0,522,0,0,0,0,5,4839,1,,,
0,40985.0,tamilnadu-electricity,,2,2,0.0,45781,0,0,0,0,2,45781,1,,,
,40996.0,Fashion-MNIST,,,,0.0,,,,,,,,,,,
0,40997.0,jungle_chess_2pcs_endgame_panther_lion,,65,65,7.0,4072,26,0,0,0,46,4704,1,1.0,0.9932896890343699,1
0,40998.0,jungle_chess_2pcs_endgame_panther_lion,,65,65,7.0,4072,26,0,0,0,46,4704,1,0.9995090016366612,0.9927986906710311,1
0,41000.0,jungle_chess_2pcs_endgame_panther_elephant,,64,64,6.0,4028,26,0,0,0,46,4704,1,0.9990074441687344,0.9652605459057073,1
1,41001.0,jungle_chess_2pcs_endgame_complete,,69,69,6.0,32500,26,0,0,3528,46,44819,1,0.974,0.9240571428571429,0
0,41002.0,jungle_chess_2pcs_endgame_rat_panther,,64,64,6.0,3222,26,0,0,1176,46,5880,1,0.9997931747673217,0.9923474663908998,1
0,41003.0,jungle_chess_2pcs_endgame_rat_elephant,,64,64,6.0,3554,26,0,0,1176,46,5880,1,1.0,0.9662605435801312,1
0,41004.0,jungle_chess_2pcs_endgame_lion_elephant,,39,65,7.0,2818,26,0,0,0,46,4704,1,,,
0,41006.0,jungle_chess_2pcs_endgame_rat_lion,,65,65,7.0,3960,26,0,0,1176,46,5880,1,1.0,0.992760942760943,1
,41026.0,gisette,,4589,4589,411.0,7000,0,0,0,0,5000,7000,0,,,
0,41027.0,jungle_chess_2pcs_raw_endgame_complete,,0,0,6.0,44819,0,0,0,0,6,44819,1,,,
,41039.0,EMNIST_Balanced,,,,6.0,,,,,,,,,,,
,41081.0,SVHN,,3072,3072,0.0,29468,0,0,0,0,3072,99289,0,,,
0,41082.0,USPS,,256,256,0.0,2538,0,0,0,0,256,9298,0,,,
,41103.0,STL-10,,27648,27648,0.0,2600,0,0,0,0,27648,13000,0,,,
0,41138.0,APSFailure,,161,161,2.0,480,0,7,0,63193,170,76000,0,,,
0,41142.0,christine,,1635,1647,1.0,5418,37,0,0,0,1636,5418,0,,,
1,41145.0,philippine,,308,308,0.0,5832,0,0,0,0,308,5832,1,0.7596571428571428,0.7202285714285714,0
0,41146.0,sylvine,,20,20,0.0,5124,0,0,0,0,20,5124,1,0.946814044213264,0.9149544863459036,1
0,41147.0,albert,,109,109,0.0,58252,52,5,42,358940,78,425240,1,0.6576,0.6481666666666667,1
1,41150.0,MiniBooNE,,50,50,0.0,72998,0,0,0,0,50,130064,1,0.9349,0.8527666666666667,0
0,41156.0,ada,,6,6,42.0,2058,0,0,0,0,48,4147,1,,,
,41159.0,guillermo,,4279,4279,17.0,16006,0,0,0,0,4296,20000,0,,,
0,41160.0,rl,,14,37,1.0,2360,14,0,7,16872,22,31406,1,,,
,41161.0,riccardo,,4283,4283,13.0,10000,0,0,0,0,4296,20000,0,,,
0,41162.0,kick,,68,68,0.0,17836,18,2,7,383,32,72983,1,0.6832990718245812,0.6785024605992649,1
,41163.0,dilbert,,2000,2000,0.0,4092,0,0,0,0,2000,10000,0,,,
0,41164.0,fabert,,730,730,70.0,3030,0,0,0,0,800,8237,0,,,
,41165.0,robert,,7200,7200,0.0,2070,0,0,0,0,7200,10000,0,,,
0,41166.0,volkert,,147,147,33.0,23038,0,0,0,0,180,58310,1,0.9885543667578999,0.9878493821016837,1
1,41168.0,jannis,,54,54,0.0,57580,0,0,0,0,54,83733,1,0.7772333333333333,0.7285666666666667,0
0,41169.0,helena,,27,27,0.0,6126,0,0,0,0,27,65196,1,0.9653971708378674,0.9633297062023939,1
0,41228.0,Klaverjas2018,,0,0,32.0,981541,0,0,0,0,32,981541,1,,,
0,41434.0,Click_prediction_small,,2,2,2.0,39948,7,0,7,0,11,39948,1,,,
0,41440.0,okcupid-stem,,106,106,0.0,19114,17,0,6,1,19,50789,1,0.6699796570764313,0.6745713455390875,1
1,41526.0,test_dataset,,51,51,9.0,15136,0,0,0,14,60,15547,1,0.838185421713279,0.7943624752257212,0
0,41671.0,microaggregation2,,10,10,10.0,8964,0,0,0,0,20,20000,1,0.625353159851301,0.6502602230483271,1
0,41672.0,airlines,,28,28,0.0,480528,4,0,2,0,7,539383,1,0.6225666666666667,0.6171333333333333,1
,41708.0,FOREX_eurchf-minute-Close,,,,,,,,,,,,,,,
,41709.0,FOREX_audchf-hour-High,,,,,,,,,,,,,,,
,41710.0,FOREX_eurhkd-minute-High,,,,,,,,,,,,,,,
,41711.0,FOREX_eurusd-minute-Close,,,,,,,,,,,,,,,
,41712.0,FOREX_eurcad-hour-High,,,,,,,,,,,,,,,
,41714.0,FOREX_eurpln-minute-High,,,,,,,,,,,,,,,
,41715.0,FOREX_eurhuf-hour-High,,,,,,,,,,,,,,,
,41717.0,FOREX_usdjpy-minute-High,,,,,,,,,,,,,,,
,41718.0,FOREX_audjpy-hour-High,,,,,,,,,,,,,,,
,41723.0,FOREX_cadchf-hour-High,,,,,,,,,,,,,,,
,41727.0,FOREX_usdcad-hour-Close,,,,,,,,,,,,,,,
,41728.0,FOREX_cadjpy-minute-High,,,,,,,,,,,,,,,
,41729.0,FOREX_chfjpy-minute-Close,,,,,,,,,,,,,,,
,41732.0,FOREX_usdjpy-minute-Close,,,,,,,,,,,,,,,
,41734.0,FOREX_eurpln-hour-Close,,,,,,,,,,,,,,,
,41735.0,FOREX_eurcad-minute-Close,,,,,,,,,,,,,,,
,41736.0,FOREX_eurhuf-hour-Close,,,,,,,,,,,,,,,
,41738.0,FOREX_chfsgd-minute-High,,,,,,,,,,,,,,,
,41739.0,FOREX_eurhkd-hour-High,,,,,,,,,,,,,,,
,41741.0,FOREX_eursgd-minute-High,,,,,,,,,,,,,,,
,41742.0,FOREX_eurgbp-hour-High,,,,,,,,,,,,,,,
,41743.0,FOREX_eurpln-minute-Close,,,,,,,,,,,,,,,
,41745.0,FOREX_chfjpy-minute-High,,,,,,,,,,,,,,,
,41747.0,FOREX_audnzd-minute-Close,,,,,,,,,,,,,,,
,41748.0,FOREX_usddkk-minute-Close,,,,,,,,,,,,,,,
,41749.0,FOREX_gbpusd-minute-High,,,,,,,,,,,,,,,
,41751.0,FOREX_eurnok-minute-Close,,,,,,,,,,,,,,,
,41752.0,FOREX_eurjpy-minute-Close,,,,,,,,,,,,,,,
,41755.0,FOREX_cadchf-minute-Close,,,,,,,,,,,,,,,
,41757.0,FOREX_usdchf-minute-Close,,,,,,,,,,,,,,,
,41758.0,FOREX_eursgd-hour-Close,,,,,,,,,,,,,,,
,41759.0,FOREX_eurtry-hour-High,,,,,,,,,,,,,,,
,41761.0,FOREX_eursek-minute-Close,,,,,,,,,,,,,,,
,41762.0,FOREX_audsgd-hour-Close,,,,,,,,,,,,,,,
,41763.0,FOREX_audcad-hour-High,,,,,,,,,,,,,,,
,41767.0,FOREX_cadjpy-hour-Close,,,,,,,,,,,,,,,
,41768.0,FOREX_eurnok-hour-High,,,,,,,,,,,,,,,
,41770.0,FOREX_audjpy-minute-High,,,,,,,,,,,,,,,
,41771.0,FOREX_eurtry-minute-Close,,,,,,,,,,,,,,,
,41772.0,FOREX_audchf-minute-High,,,,,,,,,,,,,,,
,41773.0,FOREX_eurtry-hour-Close,,,,,,,,,,,,,,,
,41774.0,FOREX_eurhuf-minute-High,,,,,,,,,,,,,,,
,41775.0,FOREX_usdcad-minute-Close,,,,,,,,,,,,,,,
,41776.0,FOREX_eurhkd-minute-Close,,,,,,,,,,,,,,,
,41777.0,FOREX_eurjpy-hour-High,,,,,,,,,,,,,,,
,41778.0,FOREX_eurdkk-minute-High,,,,,,,,,,,,,,,
,41779.0,FOREX_eursek-hour-High,,,,,,,,,,,,,,,
,41780.0,FOREX_usdchf-hour-High,,,,,,,,,,,,,,,
,41781.0,FOREX_audcad-hour-Close,,,,,,,,,,,,,,,
,41782.0,FOREX_usdjpy-hour-Close,,,,,,,,,,,,,,,
,41786.0,FOREX_eurgbp-minute-Close,,,,,,,,,,,,,,,
,41787.0,FOREX_eurpln-hour-High,,,,,,,,,,,,,,,
,41789.0,FOREX_eurnzd-minute-High,,,,,,,,,,,,,,,
,41792.0,FOREX_usdchf-hour-Close,,,,,,,,,,,,,,,
,41793.0,FOREX_eurjpy-minute-High,,,,,,,,,,,,,,,
,41794.0,FOREX_nzdusd-minute-Close,,,,,,,,,,,,,,,
,41795.0,FOREX_gbpusd-minute-Close,,,,,,,,,,,,,,,
,41796.0,FOREX_eurrub-minute-Close,,,,,,,,,,,,,,,
,41798.0,FOREX_usdcad-minute-High,,,,,,,,,,,,,,,
,41799.0,FOREX_eurhkd-hour-Close,,,,,,,,,,,,,,,
,41800.0,FOREX_cadjpy-minute-Close,,,,,,,,,,,,,,,
,41802.0,FOREX_audcad-minute-High,,,,,,,,,,,,,,,
,41804.0,FOREX_gbpusd-hour-Close,,,,,,,,,,,,,,,
,41805.0,FOREX_eurrub-hour-High,,,,,,,,,,,,,,,
,41806.0,FOREX_audjpy-hour-Close,,,,,,,,,,,,,,,
,41807.0,FOREX_nzdusd-minute-High,,,,,,,,,,,,,,,
,41808.0,FOREX_eurgbp-minute-High,,,,,,,,,,,,,,,
,41809.0,FOREX_audusd-minute-High,,,,,,,,,,,,,,,
,41810.0,FOREX_audchf-minute-Close,,,,,,,,,,,,,,,
,41813.0,FOREX_audsgd-minute-Close,,,,,,,,,,,,,,,
,41814.0,FOREX_euraud-minute-Close,,,,,,,,,,,,,,,
,41816.0,FOREX_usddkk-hour-High,,,,,,,,,,,,,,,
,41817.0,FOREX_audusd-minute-Close,,,,,,,,,,,,,,,
,41819.0,FOREX_eurrub-minute-High,,,,,,,,,,,,,,,
,41820.0,FOREX_chfsgd-hour-High,,,,,,,,,,,,,,,
,41822.0,FOREX_audnzd-minute-High,,,,,,,,,,,,,,,
,41823.0,FOREX_eurcad-minute-High,,,,,,,,,,,,,,,
,41824.0,FOREX_eurgbp-hour-Close,,,,,,,,,,,,,,,
,41825.0,FOREX_audnzd-hour-High,,,,,,,,,,,,,,,
,41827.0,FOREX_euraud-hour-Close,,,,,,,,,,,,,,,
,41828.0,FOREX_usdcad-hour-High,,,,,,,,,,,,,,,
,41831.0,FOREX_eurdkk-hour-Close,,,,,,,,,,,,,,,
,41832.0,FOREX_nzdusd-hour-Close,,,,,,,,,,,,,,,
,41833.0,FOREX_cadjpy-hour-High,,,,,,,,,,,,,,,
,41835.0,FOREX_euraud-hour-High,,,,,,,,,,,,,,,
,41836.0,FOREX_cadchf-minute-High,,,,,,,,,,,,,,,
,41837.0,FOREX_audjpy-minute-Close,,,,,,,,,,,,,,,
,41838.0,FOREX_cadchf-hour-Close,,,,,,,,,,,,,,,
,41840.0,FOREX_eurnok-minute-High,,,,,,,,,,,,,,,
,41842.0,FOREX_eurchf-hour-High,,,,,,,,,,,,,,,
,41843.0,FOREX_audusd-hour-High,,,,,,,,,,,,,,,
,41845.0,FOREX_eurusd-minute-High,,,,,,,,,,,,,,,
,41850.0,FOREX_eursek-minute-High,,,,,,,,,,,,,,,
,41851.0,FOREX_usdjpy-hour-High,,,,,,,,,,,,,,,
,41852.0,FOREX_eurchf-minute-High,,,,,,,,,,,,,,,
,41853.0,FOREX_eurnzd-minute-Close,,,,,,,,,,,,,,,
,41854.0,FOREX_audcad-minute-Close,,,,,,,,,,,,,,,
,41855.0,FOREX_eurtry-minute-High,,,,,,,,,,,,,,,
,41856.0,FOREX_eurdkk-hour-High,,,,,,,,,,,,,,,
,41859.0,FOREX_eurnok-hour-Close,,,,,,,,,,,,,,,
,41860.0,FOREX_eurusd-hour-Close,,,,,,,,,,,,,,,
,41861.0,FOREX_euraud-minute-High,,,,,,,,,,,,,,,
,41862.0,FOREX_eurrub-hour-Close,,,,,,,,,,,,,,,
,41865.0,FOREX_audsgd-hour-High,,,,,,,,,,,,,,,
,41869.0,FOREX_eursgd-minute-Close,,,,,,,,,,,,,,,
,41870.0,FOREX_chfjpy-hour-Close,,,,,,,,,,,,,,,
,41871.0,FOREX_usddkk-hour-Close,,,,,,,,,,,,,,,
,41873.0,FOREX_eurusd-hour-High,,,,,,,,,,,,,,,
,41876.0,FOREX_eurdkk-minute-Close,,,,,,,,,,,,,,,
,41877.0,FOREX_eurchf-hour-Close,,,,,,,,,,,,,,,
,41878.0,FOREX_audusd-hour-Close,,,,,,,,,,,,,,,
,41879.0,FOREX_gbpusd-hour-High,,,,,,,,,,,,,,,
,41880.0,FOREX_chfsgd-minute-Close,,,,,,,,,,,,,,,
,41881.0,FOREX_chfjpy-hour-High,,,,,,,,,,,,,,,
,41883.0,FOREX_eurnzd-hour-High,,,,,,,,,,,,,,,
,41884.0,FOREX_nzdusd-hour-High,,,,,,,,,,,,,,,
,41885.0,FOREX_chfsgd-hour-Close,,,,,,,,,,,,,,,
,41886.0,FOREX_eurnzd-hour-Close,,,,,,,,,,,,,,,
,41887.0,FOREX_audsgd-minute-High,,,,,,,,,,,,,,,
,41888.0,FOREX_audchf-hour-Close,,,,,,,,,,,,,,,
,41889.0,FOREX_eurjpy-hour-Close,,,,,,,,,,,,,,,
,41890.0,FOREX_usddkk-minute-High,,,,,,,,,,,,,,,
,41891.0,FOREX_eurcad-hour-Close,,,,,,,,,,,,,,,
,41892.0,FOREX_usdchf-minute-High,,,,,,,,,,,,,,,
,41893.0,FOREX_eursgd-hour-High,,,,,,,,,,,,,,,
,41895.0,FOREX_eurhuf-minute-Close,,,,,,,,,,,,,,,
,41896.0,FOREX_eursek-hour-Close,,,,,,,,,,,,,,,
,41898.0,FOREX_audnzd-hour-Close,,,,,,,,,,,,,,,
,41949.0,FOREX_audnzd-hour-Close,,,,,,,,,,,,,,,
0,41972.0,Indian_pines,,220,220,0.0,5004,0,0,0,0,220,9144,1,0.9199733688415446,0.8754993342210386,1
,41982.0,Kuzushiji-MNIST,,,,0.0,,,,,,,,,,,
,41983.0,CIFAR-100,,,,0.0,,,,,,,,,,,
,41986.0,GTSRB-HOG01,,,,0.0,,,,,,,,,,,
,41988.0,GTSRB-HOG02,,,,0.0,,,,,,,,,,,
,41989.0,GTSRB-HOG03,,,,0.0,,,,,,,,,,,
,41990.0,GTSRB-HueHist,,,,0.0,,,,,,,,,,,
,41991.0,Kuzushiji-49,,,,,,,,,,,,,,,
0,42078.0,beer_reviews,,5,5,3.0,170248,4,0,4,67785,12,1586614,1,0.9914666666666667,0.9735333333333334,1
0,42087.0,beer_reviews,,5,5,3.0,170248,4,0,4,67785,12,1586614,1,0.9917,0.9736333333333334,1
0,42088.0,beer_reviews,,5,5,3.0,170248,4,0,4,67785,12,1586614,1,0.9922,0.9738666666666667,1
0,42089.0,vancouver_employee,,5,5,3.0,170248,4,0,4,67785,12,1586614,1,0.9916666666666667,0.9741333333333333,1
,42132.0,Traffic_violations,,20,56,7.0,812148,31,0,15,607611,42,1578154,1,,,
,42140.0,SVHN_small,,3072,3072,0.0,2946,0,0,0,0,3072,9927,0,,,
,42141.0,SVHN_medium,,3072,3072,0.0,14734,0,0,0,0,3072,49644,0,,,
,42178.0,telco-customer-churn,,,,,,,,,,,,,,,
0,42192.0,compas-two-years,,15,15,4.0,4966,6,0,0,0,13,5278,1,0.6507382550335571,0.6715436241610739,1
0,42193.0,compas-two-years,,15,15,4.0,4966,6,0,0,0,13,5278,1,0.6488590604026845,0.6778523489932887,1
0,42206.0,porto-seguro,,106,106,3.0,12744,25,0,1,461252,37,595212,1,0.5624476987447699,0.5898535564853556,1
0,42252.0,Asteroid_Dataset,,32,36,0.0,276,2,0,1,96,33,126131,0,,,
0,42256.0,Asteroid_Dataset,,32,32,0.0,276,1,0,1,96,33,126131,0,,,
0,42343.0,KDD98,,835,835,11.0,7676,136,21,39,51924,477,82318,1,0.5517151541467651,0.5503256621797655,1
0,42344.0,sf-police-incidents,,46,46,0.0,538638,5,0,1,0,6,538638,1,0.5592666666666667,0.5428666666666667,1
0,42345.0,Traffic_violations,,41,41,0.0,64490,19,0,10,434,20,70340,1,0.5945333333333334,0.5925,1
0,42395.0,SantanderCustomerSatisfaction,,200,200,0.0,40196,1,0,1,0,201,200000,1,0.7928639466581997,0.7787347197967931,1
0,42397.0,CreditCardFraudDetection,,30,30,0.0,984,0,0,0,0,30,284807,1,,,
0,42435.0,SantanderCustomerSatisfaction,,200,200,0.0,40196,1,0,1,0,201,200000,1,0.7868709318939514,0.7709557072551199,1
0,42468.0,hls4ml_lhc_jets_hlf,,16,16,0.0,334250,0,0,0,0,16,830000,1,0.8943333333333333,0.8851333333333333,1
0,42477.0,default-of-credit-card-clients,,20,20,3.0,13272,0,0,0,0,23,30000,1,0.6945253641386238,0.6735308890005023,1
0,42493.0,airlines,,27,27,0.0,24070,5,0,3,0,7,26969,1,0.6262771040058802,0.6195148842337376,1
1,42553.0,BitcoinHeist_Ransomware,,7,7,1.0,24780,1,0,1,0,9,2916697,1,0.8656782549420586,0.661758691206544,0
,42680.0,RelevantImagesDatasetTEST,,,,1.0,,,,,,,,,,,
0,42717.0,Click_prediction_small,,1,1,2.0,39948,6,0,6,0,9,39948,1,,,
,42718.0,BNG(vehicle),,,,2.0,,,,,,,,,,,
0,42732.0,sf-police-incidents,,48,48,0.0,538638,5,0,1,0,8,2215023,1,0.5683666666666667,0.5500333333333334,1
0,42733.0,Click_prediction_small,,2,2,2.0,39948,7,0,7,0,11,39948,1,,,
0,42734.0,okcupid-stem,,106,106,0.0,19114,17,0,6,1,19,50789,1,0.6673060156931125,0.6669572798605058,1
0,42738.0,open_payments,,3,4,0.0,1413,3,0,2,72145,5,73558,1,,,
0,42742.0,porto-seguro,,129,129,6.0,12744,31,0,1,461252,57,595212,1,0.566265690376569,0.5882322175732219,1
0,42746.0,KDDCup99,,40,40,5.0,2144034,9,0,1,0,41,4898431,1,1.0,1.0,1
0,42750.0,Census-Income-KDD,,163,163,4.0,24764,28,0,6,0,41,199523,1,0.8743342892257272,0.8650484773999727,1
,42757.0,KDDCup09-Appetency,,5341,5288,9449.0,0,75,188,22,50000,15000,50000,0,,,
,42758.0,KDDCup09-Churn,,5341,5288,9449.0,0,75,188,22,50000,15000,50000,0,,,
,42759.0,KDDCup09-Upselling,,5341,5288,9449.0,0,75,188,22,50000,15000,50000,0,,,
1,42769.0,Higgs,,24,24,4.0,940160,0,0,0,0,28,1000000,1,0.7159333333333333,0.631,0
,42773.0,KDDCup09-Upselling,,5504,5283,9288.0,0,260,169,39,50000,15000,50000,0,,,
,42774.0,KDDCup09-Appetency,,5504,5283,9288.0,0,260,169,39,50000,15000,50000,0,,,
,42775.0,KDDCup09-Churn,,5504,5283,9288.0,0,260,169,39,50000,15000,50000,0,,,
1,42803.0,road-safety,,29,29,32.0,112272,5,0,5,192603,66,363243,1,0.685,0.5983,0
,42811.0,PCam16k,,,,32.0,,,,,,,,,,,
,42812.0,PCam16k,,,,32.0,,,,,,,,,,,
,42819.0,OxfordPets,,49152,49152,0.0,400,0,0,0,0,49152,7349,0,,,
,42820.0,OxfordPets,,49152,49152,0.0,400,0,0,0,0,49152,7349,0,,,
0,43044.0,drug-directory,,3,12,2.0,120215,14,2,12,0,19,120215,1,,,
0,43051.0,art_daily_nojump4,,1,1,0.0,4032,1,0,1,0,2,4032,1,,,
,43072.0,KDDCup09-Upselling,,5345,5283,9250.0,0,189,258,38,50000,14891,50000,0,,,
,43149.0,StackOverflow-polarity,,,,,,,,,,,,,,,
0,43160.0,StackOverflow-polarity,,0,0,0.0,4423,1,0,1,0,1,4423,1,,,
0,43439.0,Medical-Appointment-No-Shows,,3,4,6.0,110527,4,0,3,0,12,110527,1,,,
0,43489.0,Census-(Augmented),,66,66,0.0,630668,8,0,1,0,14,1000000,1,0.8715,0.8720333333333333,1
0,43551.0,Employee-Turnover-at-TECHCO,,8,8,1.0,988,0,0,0,0,9,34452,1,,,
0,43607.0,WMO-Hurricane-Survival-Dataset,,145,145,0.0,4874,21,0,1,1,22,5021,1,0.5070403280929596,0.5028024606971975,1
0,43890.0,law-school-admission-bianry,,19,19,1.0,13388,5,0,0,0,11,20800,1,1.0,1.0,1
0,43892.0,national-longitudinal-survey-binary,,48,48,3.0,3706,7,0,1,0,16,4908,1,1.0,0.9877697841726618,1
0,43898.0,adult,,66,66,0.0,23362,8,0,1,0,14,48790,1,0.8440165829546361,0.821254883201786,1
0,43900.0,amazon_employee_access,,0,0,0.0,32769,9,0,9,0,9,32769,1,,,
0,43901.0,click_prediction_small,,2,2,2.0,39926,4,0,4,0,8,39926,1,,,
0,43903.0,Diabetes-130-Hospitals_(Fairlearn),,55,55,1.0,22714,16,0,0,0,21,101766,1,0.5904848327715841,0.5928182525278715,1
0,43904.0,law-school-admission-bianry,,21,21,1.0,13388,5,0,0,0,10,20800,1,0.663330843913368,0.6742842917600199,1
0,43915.0,Meta-Album--FLW--(Mini),,1,1,0.0,4080,2,0,1,0,2,4080,1,,,