Source,Remove original,Remove,checks_passed,dataset_id,dataset_name,Deterministic,Redundant,Too little information,Time series,Artificial,heterogeneous,n_features,n_features_probable,n_pseudo_categorical,n_samples,num_categorical_columns,num_columns_missing,num_high_cardinality,num_rows_missing,original_n_features,original_n_samples,ratio_n_p,remove 2,score_hbgt,score_logistic,too_easy,
OpenML,,0,0,6,letter,,,,,,,16,16,0,1610,0,0,0,0,16,20000,1,,,,,1610
OpenML,,0,0,24,mushroom,,,,,,,22,117,0,7832,22,0,0,0,22,8124,1,,1,"0,9999148936",1,7832
OpenML,,0,0,26,nursery,,,,,,,8,27,0,8532,8,0,0,0,8,12960,1,,1,1,1,8532
OpenML,,0,0,28,optdigits,,,,,,,54,55,10,1142,0,0,0,0,64,5620,1,,,,,1142
OpenML,,0,0,30,page-blocks,,,,,,,10,10,0,658,0,0,0,0,10,5473,1,,,,,658
OpenML,,0,0,32,pendigits,,,,,,,16,16,0,2288,0,0,0,0,16,10992,1,,,,,2288
OpenML,,0,0,44,spambase,,,,,,,57,57,0,3626,0,0,0,0,57,4601,1,,,,,3626
OpenML,,0,0,60,waveform-5000,,,,,,,40,40,0,3310,0,0,0,0,40,5000,1,,,,,3310
OpenML,,1,,70,"BNG(anneal,nominal,1000000)",,,,,1,,,,0,,,,,,,,,1,,,,0
OpenML,,1,,71,"BNG(anneal,ORIG,nominal,1000000)",,,,,1,,,,0,,,,,,,,,1,,,,0
OpenML,,1,,72,BNG(kr-vs-kp),,,,,1,,,,0,,,,,,,,,1,,,,0
OpenML,,1,,73,"BNG(labor,nominal,1000000)",,,,,1,,,,0,,,,,,,,,1,,,,0
OpenML,,1,,74,"BNG(letter,nominal,1000000)",,,,,1,,,,0,,,,,,,,,1,,,,0
OpenML,,1,,75,"BNG(autos,nominal,1000000)",,,,,1,,,,0,,,,,,,,,1,,,,0
OpenML,,1,,76,"BNG(lymph,nominal,1000000)",,,,,1,,,,0,,,,,,,,,1,,,,0
OpenML,,1,,77,"BNG(breast-cancer,nominal,1000000)",,,,,1,,,,0,,,,,,,,,1,,,,0
OpenML,,1,,78,"BNG(mfeat-fourier,nominal,1000000)",,,,,1,,,,0,,,,,,,,,1,,,,0
OpenML,,1,,115,"BNG(mfeat-karhunen,nominal,1000000)",,,,,1,,,,0,,,,,,,,,1,,,,0
OpenML,,1,,116,"BNG(bridges_version1,nominal,1000000)",,,,,1,,,,0,,,,,,,,,1,,,,0
OpenML,,1,,117,"BNG(bridges_version2,nominal,1000000)",,,,,1,,,,0,,,,,,,,,1,,,,0
OpenML,,1,,118,"BNG(mfeat-zernike,nominal,1000000)",,,,,1,,,,0,,,,,,,,,1,,,,0
OpenML,,1,,119,"BNG(cmc,nominal,55296)",,,,,1,,,,0,,,,,,,,,1,,,,0
OpenML,,1,,120,BNG(mushroom),,,,,1,,,,0,,,,,,,,,1,,,,0
OpenML,,1,,121,"BNG(colic,ORIG,nominal,1000000)",,,,,1,,,,0,,,,,,,,,1,,,,0
OpenML,,1,,122,"BNG(colic,nominal,1000000)",,,,,1,,,,0,,,,,,,,,1,,,,0
OpenML,,1,,123,BNG(optdigits),,,,,1,,,,0,,,,,,,,,1,,,,0
OpenML,,1,,124,"BNG(credit-a,nominal,1000000)",,,,,1,,,,0,,,,,,,,,1,,,,0
OpenML,,1,,125,"BNG(page-blocks,nominal,295245)",,,,,1,,,,0,,,,,,,,,1,,,,0
OpenML,,1,,126,"BNG(credit-g,nominal,1000000)",,,,,1,,,,0,,,,,,,,,1,,,,0
OpenML,,1,,127,"BNG(pendigits,nominal,1000000)",,,,,1,,,,0,,,,,,,,,1,,,,0
OpenML,,1,,128,"BNG(cylinder-bands,nominal,1000000)",,,,,1,,,,0,,,,,,,,,1,,,,0
OpenML,,1,,129,"BNG(dermatology,nominal,1000000)",,,,,1,,,,0,,,,,,,,,1,,,,0
OpenML,,1,,130,BNG(segment),,,,,1,,,,0,,,,,,,,,1,,,,0
OpenML,,1,,131,"BNG(sick,nominal,1000000)",,,,,1,,,,0,,,,,,,,,1,,,,0
OpenML,,1,,132,"BNG(sonar,nominal,1000000)",,,,,1,,,,0,,,,,,,,,1,,,,0
OpenML,,1,,133,"BNG(glass,nominal,137781)",,,,,1,,,,0,,,,,,,,,1,,,,0
OpenML,,1,,134,BNG(soybean),,,,,1,,,,0,,,,,,,,,1,,,,0
OpenML,,1,,135,BNG(spambase),,,,,1,,,,0,,,,,,,,,1,,,,0
OpenML,,1,,136,"BNG(heart-c,nominal,1000000)",,,,,1,,,,0,,,,,,,,,1,,,,0
OpenML,,1,,137,BNG(tic-tac-toe),,,,,1,,,,0,,,,,,,,,1,,,,0
OpenML,,1,,138,"BNG(heart-h,nominal,1000000)",,,,,1,,,,0,,,,,,,,,1,,,,0
OpenML,,1,,139,BNG(trains),,,,,1,,,,0,,,,,,,,,1,,,,0
OpenML,,1,,140,"BNG(heart-statlog,nominal,1000000)",,,,,1,,,,0,,,,,,,,,1,,,,0
OpenML,,1,,141,"BNG(vehicle,nominal,1000000)",,,,,1,,,,0,,,,,,,,,1,,,,0
OpenML,,1,,142,"BNG(hepatitis,nominal,1000000)",,,,,1,,,,0,,,,,,,,,1,,,,0
OpenML,,1,,143,BNG(vote),,,,,1,,,,0,,,,,,,,,1,,,,0
OpenML,,1,,144,"BNG(hypothyroid,nominal,1000000)",,,,,1,,,,0,,,,,,,,,1,,,,0
OpenML,,1,,146,BNG(ionosphere),,,,,1,,,,0,,,,,,,,,1,,,,0
OpenML,,1,,147,"BNG(waveform-5000,nominal,1000000)",,,,,1,,,,0,,,,,,,,,1,,,,0
OpenML,,1,,148,"BNG(zoo,nominal,1000000)",,,,,1,,,,0,,,,,,,,,1,,,,0
OpenML,,1,,149,CovPokElec,,1,,,,,,,0,,,,,,,,,1,,,,0
OpenML,1,1,1,150,covertype,,1,,,,,54,93,0,423680,44,0,0,0,54,581012,1,,"0,8621333333","0,7700666667",0,423680
OpenML,0,0,1,151,electricity,,,,,,,8,14,0,38474,1,0,0,0,8,45312,1,,"0,8978444236","0,7514271108",0,38474
OpenML,,0,0,152,Hyperplane_10_1E-3,,,,,,,10,10,0,999986,0,0,0,0,10,1000000,1,,,,,999986
OpenML,,0,0,153,Hyperplane_10_1E-4,,,,,,,10,10,0,999668,0,0,0,0,10,1000000,1,,,,,999668
OpenML,,0,0,154,LED(50000),,,,,,,24,48,0,201426,24,0,0,0,24,1000000,1,,"0,8298666667","0,8001666667",1,201426
OpenML,1,1,1,155,pokerhand,1,,,,,,10,25,0,700852,5,0,0,0,10,829201,1,,1,"0,6035333333",0,700852
OpenML,,1,,156,RandomRBF_0_0,,,,,1,,,,0,,,,,,,,,1,,,,0
OpenML,,1,,157,RandomRBF_10_1E-3,,,,,1,,,,0,,,,,,,,,1,,,,0
OpenML,,1,,158,RandomRBF_10_1E-4,,,,,1,,,,0,,,,,,,,,1,,,,0
OpenML,,1,,159,RandomRBF_50_1E-3,,,,,1,,,,0,,,,,,,,,1,,,,0
OpenML,,1,,160,RandomRBF_50_1E-4,,,,,1,,,,0,,,,,,,,,1,,,,0
OpenML,,0,0,161,SEA(50),,,,,,,3,3,0,1000000,0,0,0,0,3,1000000,1,,,,,1000000
OpenML,,0,0,162,SEA(50000),,,,,,,3,3,0,1000000,0,0,0,0,3,1000000,1,,,,,1000000
OpenML,,0,0,179,adult,,,,,,,13,82,0,23374,12,0,1,0,14,48842,1,,"0,8239789826","0,8230634504",1,23374
OpenML,1,1,1,180,covertype,,1,,,,,54,97,0,77812,40,0,0,0,54,110393,1,,"0,8532666667","0,7702",0,77812
OpenML,,1,,182,satimage,,,,,,0,,,0,,,,,,,,,1,,,,0
OpenML,,0,0,183,abalone,,,,,,,8,10,0,1268,1,0,0,0,8,4177,1,,,,,1268
OpenML,1,1,1,184,kropt,1,,,,,,6,39,0,8388,6,0,0,0,6,28056,1,,"0,9288041319","0,7449344458",0,8388
OpenML,,1,,244,BNG(anneal),,,,,1,,,,0,,,,,,,,,1,,,,0
OpenML,,1,,245,"BNG(anneal,ORIG)",,,,,1,,,,0,,,,,,,,,1,,,,0
OpenML,,1,,246,BNG(labor),,,,,1,,,,0,,,,,,,,,1,,,,0
OpenML,,1,,247,BNG(letter),,,,,1,,,,0,,,,,,,,,1,,,,0
OpenML,,1,,248,BNG(autos),,,,,1,,,,0,,,,,,,,,1,,,,0
OpenML,,1,,249,BNG(lymph),,,,,1,,,,0,,,,,,,,,1,,,,0
OpenML,,1,,250,BNG(mfeat-fourier),,,,,1,,,,0,,,,,,,,,1,,,,0
OpenML,,1,,251,BNG(breast-w),,,,,1,,,,0,,,,,,,,,1,,,,0
OpenML,,1,,252,BNG(mfeat-karhunen),,,,,1,,,,0,,,,,,,,,1,,,,0
OpenML,,1,,253,BNG(bridges_version1),,,,,1,,,,0,,,,,,,,,1,,,,0
OpenML,,1,,254,BNG(mfeat-zernike),,,,,1,,,,0,,,,,,,,,1,,,,0
OpenML,,1,,255,BNG(cmc),,,,,1,,,,0,,,,,,,,,1,,,,0
OpenML,,1,,256,"BNG(colic,ORIG)",,,,,1,,,,0,,,,,,,,,1,,,,0
OpenML,,1,,257,BNG(colic),,,,,1,,,,0,,,,,,,,,1,,,,0
OpenML,,1,,258,BNG(credit-a),,,,,1,,,,0,,,,,,,,,1,,,,0
OpenML,,1,,259,BNG(page-blocks),,,,,1,,,,0,,,,,,,,,1,,,,0
OpenML,,1,,260,BNG(credit-g),,,,,1,,,,0,,,,,,,,,1,,,,0
OpenML,,1,,261,BNG(pendigits),,,,,1,,,,0,,,,,,,,,1,,,,0
OpenML,,1,,262,BNG(cylinder-bands),,,,,1,,,,0,,,,,,,,,1,,,,0
OpenML,,1,,263,BNG(dermatology),,,,,1,,,,0,,,,,,,,,1,,,,0
OpenML,,1,,264,BNG(sonar),,,,,1,,,,0,,,,,,,,,1,,,,0
OpenML,,1,,265,BNG(glass),,,,,1,,,,0,,,,,,,,,1,,,,0
OpenML,,1,,266,BNG(heart-c),,,,,1,,,,0,,,,,,,,,1,,,,0
OpenML,,1,,267,BNG(heart-statlog),,,,,1,,,,0,,,,,,,,,1,,,,0
OpenML,,1,,268,BNG(vehicle),,,,,1,,,,0,,,,,,,,,1,,,,0
OpenML,,1,,269,BNG(hepatitis),,,,,1,,,,0,,,,,,,,,1,,,,0
OpenML,,1,,271,BNG(waveform-5000),,,,,1,,,,0,,,,,,,,,1,,,,0
OpenML,,1,,272,BNG(zoo),,,,,1,,,,0,,,,,,,,,1,,,,0
OpenML,,0,,273,"IMDB,drama",,,1,,,,1001,2002,0,87558,0,0,0,0,1001,120919,1,,,,,87558
OpenML,,0,0,274,"20_newsgroups,drift",,,,,,,1000,1989,0,39994,1001,0,1,0,1001,399940,1,,"0,4734736337","0,4799951988",1,39994
OpenML,,0,0,279,"meta_stream_intervals,arff",,,,,,,72,72,1,11818,1,0,1,0,74,45164,1,,,,,11818
OpenML,1,1,1,293,covertype,,1,,,,,54,98,0,566602,0,0,0,0,54,581012,1,,"0,8482333333","0,7540333333",0,566602
OpenML,,0,0,300,isolet,,,,,,,617,621,0,600,0,0,0,0,617,7797,0,,,,,600
OpenML,,0,0,310,mammography,,,,,,,6,6,0,520,0,0,0,0,6,11183,1,,,,,520
OpenML,,0,0,350,webdata_wXa,,,,,,,123,245,0,17748,0,0,0,0,123,36974,1,,"0,8106416275","0,8087636933",1,17748
OpenML,,0,0,351,codrna,,,,,,,8,8,0,325710,0,0,0,0,8,488565,1,,,,,325710
OpenML,,0,0,354,poker,,,,,,,5,5,5,1022616,0,0,0,0,10,1025010,1,,,,,1022616
OpenML,,0,0,357,vehicle_sensIT,,,,,,,100,100,0,98528,0,0,0,0,100,98528,1,,,,,98528
OpenML,,0,0,372,internet_usage,,,,,,,67,220,0,2916,71,0,4,0,71,10108,1,,,,,2916
OpenML,,0,0,373,UNIX_user_data,,,,,,,1,1,0,9100,1,0,1,0,2,9100,1,,,,,9100
OpenML,,0,0,375,JapaneseVowels,,,,,,,14,14,0,2946,0,0,0,0,14,9961,1,,,,,2946
OpenML,,0,0,378,ipums_la_99-small,,,,,,,39,217,0,1802,60,2,19,0,60,8844,1,,,,,1802
OpenML,,0,0,381,ipums_la_98-small,,,,,,,37,207,0,1720,60,4,19,0,60,7485,1,,,,,1720
OpenML,,0,0,382,ipums_la_97-small,,,,,,,39,230,0,2454,60,3,18,0,60,7019,1,,,,,2454
OpenML,,0,,390,"new3s,wc",,,,,,,9484,11197,17348,1136,0,0,0,0,26832,9558,0,,,,,1136
OpenML,,0,,399,"ohscal,wc",,,,,,,2345,3386,9120,2900,0,0,0,0,11465,11162,0,,,,,2900
OpenML,,1,,554,mnist_784,,,,,,0,,,9120,,,,,,,,,1,,,,0
OpenML,,0,0,720,abalone,,,,,,,8,10,0,4162,1,0,0,0,8,4177,1,,"0,7654123299","0,7803042434",1,4162
OpenML,,0,0,722,pol,,,,,,,26,26,22,10082,0,0,0,0,48,15000,1,,,,,10082
OpenML,,0,0,725,bank8FM,,,,,,,7,7,1,6614,0,0,0,0,8,8192,1,,,,,6614
OpenML,,0,0,727,2dplanes,,,,,,,1,2,9,40768,0,0,0,0,10,40768,1,,,,,40768
OpenML,,0,0,728,analcatdata_supreme,,,,,,,7,12,0,1942,0,0,0,0,7,4052,1,,,,,1942
OpenML,,0,0,734,ailerons,,,,,,,33,33,7,11656,0,0,0,0,40,13750,1,,,,,11656
OpenML,,0,0,735,cpu_small,,,,,,,12,12,0,4954,0,0,0,0,12,8192,1,,,,,4954
OpenML,,0,0,752,puma32H,,,,,,,32,32,0,8128,0,0,0,0,32,8192,1,,,,,8128
OpenML,,0,0,761,cpu_act,,,,,,,21,21,0,4954,0,0,0,0,21,8192,1,,,,,4954
OpenML,,0,0,803,delta_ailerons,,,,,,,5,5,0,6692,0,0,0,0,5,7129,1,,,,,6692
OpenML,,0,0,807,kin8nm,,,,,,,8,8,0,8048,0,0,0,0,8,8192,1,,,,,8048
OpenML,,0,0,816,puma8NH,,,,,,,8,8,0,8156,0,0,0,0,8,8192,1,,,,,8156
OpenML,,0,0,819,delta_elevators,,,,,,,5,5,1,9464,0,0,0,0,6,9517,1,,,,,9464
OpenML,,0,0,821,house_16H,,,,,,,16,16,0,13488,0,0,0,0,16,22784,1,,,,,13488
OpenML,,0,0,823,houses,,,,,,,8,8,0,17828,0,0,0,0,8,20640,1,,,,,17828
OpenML,,0,0,833,bank32nh,,,,,,,28,28,4,5086,0,0,0,0,32,8192,1,,,,,5086
OpenML,,0,0,843,house_8L,,,,,,,8,8,0,13488,0,0,0,0,8,22784,1,,,,,13488
OpenML,,0,0,846,elevators,,,,,,,16,16,2,10260,0,0,0,0,18,16599,1,,,,,10260
OpenML,,0,0,847,wind,,,,,,,14,14,0,6146,0,0,0,0,14,6574,1,,,,,6146
OpenML,,0,0,881,mv,,,,,,,10,14,0,32894,3,0,0,0,10,40768,1,,"0,9977087292","0,9944674192",1,32894
OpenML,,0,0,901,fried,,,,,,,10,10,0,40682,0,0,0,0,10,40768,1,,,,,40682
OpenML,,0,0,923,visualizing_soil,,,,,,,4,5,0,7776,1,0,0,0,4,8641,1,,"0,9998285469","0,9923703386",1,7776
OpenML,,0,0,959,nursery,,,,,,,8,27,0,8640,8,0,0,0,8,12960,1,,1,1,1,8640
OpenML,,0,0,976,JapaneseVowels,,,,,,,14,14,0,3228,0,0,0,0,14,9961,1,,,,,3228
OpenML,,0,0,977,letter,,,,,,,16,16,0,1626,0,0,0,0,16,20000,1,,,,,1626
OpenML,,0,0,979,waveform-5000,,,,,,,40,40,0,3384,0,0,0,0,40,5000,1,,,,,3384
OpenML,,0,0,980,optdigits,,,,,,,54,55,10,1144,0,0,0,0,64,5620,1,,,,,1144
OpenML,,0,0,981,kdd_internet_usage,,,,,,,64,205,0,5430,68,0,4,0,68,10108,1,,"0,8606134969","0,8555828221",1,5430
OpenML,,0,0,993,kdd_ipums_la_97-small,,,,,,,41,141,13,5188,27,2,4,0,60,7019,1,,"0,9834296724","0,9825305074",1,5188
OpenML,,0,0,1002,ipums_la_98-small,,,,,,,52,214,0,1582,39,3,0,0,55,7485,1,,,,,1582
OpenML,,0,0,1018,ipums_la_99-small,,,,,,,54,228,0,1136,41,2,0,0,56,8844,1,,,,,1136
OpenML,,0,0,1019,pendigits,,,,,,,16,16,0,2288,0,0,0,0,16,10992,1,,,,,2288
OpenML,,0,0,1021,page-blocks,,,,,,,10,10,0,1120,0,0,0,0,10,5473,1,,,,,1120
OpenML,,0,0,1037,ada_prior,,,,,,,13,63,0,2264,8,0,1,0,14,4562,1,,,,,2264
OpenML,,0,,1039,hiva_agnostic,,,,,,,1617,3234,0,298,0,0,0,0,1617,4229,0,,,,,298
OpenML,,0,0,1040,sylva_prior,,,,,,,107,182,1,1772,0,0,0,0,108,14395,1,,,,,1772
OpenML,0,0,1,1044,eye_movements,,,,,,,23,26,4,7608,3,0,0,0,27,10936,1,,"0,6606219886","0,5711782742",0,7608
OpenML,1,1,1,1046,mozilla4,,,,1,,,5,6,0,10216,0,0,0,0,5,15545,1,,"0,9347471452","0,8101794454",0,10216
OpenML,,0,0,1053,jm1,,,,,,,21,21,0,4206,0,0,0,5,21,10885,1,,,,,4211
OpenML,,0,0,1056,mc1,,,,,,,38,42,0,136,0,0,0,0,38,9466,0,,,,,136
OpenML,,0,0,1069,pc2,,,,,,,36,37,0,46,0,0,0,0,36,5589,0,,,,,46
OpenML,,0,0,1110,KDDCup99_full,,,,,,,34,39,6,2144034,7,0,1,0,41,4898431,1,,1,1,1,2144034
OpenML,,0,0,1111,KDDCup09_appetency,,,,,,,45,83,44,1188,38,122,19,20662,230,50000,1,,,,,21850
OpenML,,0,0,1112,KDDCup09_churn,,,,,,,45,83,44,3376,38,122,19,20662,230,50000,1,,"0,6035538006","0,6075024679",1,24038
OpenML,,0,0,1113,KDDCup99,,,,,,,33,37,7,214402,7,0,1,0,41,494020,1,,1,1,1,214402
OpenML,0,0,1,1114,KDDCup09_upselling,,,,,,,45,87,44,5032,38,122,19,20662,230,50000,1,,"0,7846357616","0,7438410596",0,25694
OpenML,,0,0,1116,musk,,,,,,,166,166,0,2034,1,0,1,0,167,6598,1,,,,,2034
OpenML,,0,0,1119,adult-census,,,,,,,13,66,0,15682,8,0,1,0,14,32561,1,,"0,8382146652","0,8216790648",1,15682
OpenML,,0,0,1120,MagicTelescope,,,,,,,10,10,0,13376,0,0,0,0,10,19020,1,,,,,13376
OpenML,,0,0,1169,airlines,,,,,,,5,28,0,480528,4,0,2,0,7,539383,1,,"0,6227333333","0,6171",1,480528
OpenML,,1,,1177,BNG(primary-tumor),,,,,1,,,,0,,,,,,,,,1,,,,0
OpenML,,1,,1178,BNG(solar-flare),,,,,1,,,,0,,,,,,,,,1,,,,0
OpenML,,1,,1179,BNG(solar-flare),,,,,1,,,,0,,,,,,,,,1,,,,0
OpenML,,1,,1180,BNG(spect_test),,,,,1,,,,0,,,,,,,,,1,,,,0
OpenML,,1,,1181,BNG(spectf_test),,,,,1,,,,0,,,,,,,,,1,,,,0
OpenML,,1,,1182,BNG(adult),,,,,1,,,,0,,,,,,,,,1,,,,0
OpenML,,1,,1183,BNG(satimage),,,,,1,,,,0,,,,,,,,,1,,,,0
OpenML,,1,,1185,BNG(wine),,,,,1,,,,0,,,,,,,,,1,,,,0
OpenML,,1,,1186,BNG(eucalyptus),,,,,1,,,,0,,,,,,,,,1,,,,0
OpenML,,1,,1205,BNG(Australian),,,,,1,,,,0,,,,,,,,,1,,,,0
OpenML,,1,,1209,BNG(vowel),,,,,1,,,,0,,,,,,,,,1,,,,0
OpenML,,1,,1211,BNG(SPECT),,,,,1,,,,0,,,,,,,,,1,,,,0
OpenML,,1,,1212,BNG(SPECTF),,,,,1,,,,0,,,,,,,,,1,,,,0
OpenML,,1,,1214,BNG(JapaneseVowels),,,,,1,,,,0,,,,,,,,,1,,,,0
OpenML,,0,0,1216,Click_prediction_small,,,,,,,1,1,2,1496391,6,0,6,0,9,1496391,1,,,,,1496391
OpenML,,0,0,1217,Click_prediction_small,,,,,,,2,2,2,149639,7,0,7,0,11,149639,1,,,,,149639
OpenML,,0,0,1218,Click_prediction_small,,,,,,,2,2,2,1997410,7,0,7,0,11,1997410,1,,,,,1997410
OpenML,,0,0,1219,Click_prediction_small,,,,,,,2,2,2,399482,7,0,7,0,11,399482,1,,,,,399482
OpenML,,0,0,1220,Click_prediction_small,,,,,,,1,1,2,39948,6,0,6,0,9,39948,1,,,,,39948
OpenML,,0,0,1222,"letter-challenge-unlabeled,arff",,,,,,,16,16,0,14480,0,0,0,0,16,20000,1,,,,,14480
OpenML,,0,0,1226,Click_prediction_small,,,,,,,1,1,2,798964,6,0,6,0,9,798964,1,,,,,798964
OpenML,1,1,1,1235,Agrawal1,,,1,,,,9,40,0,655910,3,0,0,0,9,1000000,1,,"0,9453333333","0,4974333333",0,655910
OpenML,,0,0,1236,Stagger1,,,,,,,3,9,0,1000000,3,0,0,0,3,1000000,1,,,,,1000000
OpenML,,0,0,1237,Stagger2,,,,,,,3,9,0,1000000,3,0,0,0,3,1000000,1,,,,,1000000
OpenML,,0,0,1238,Stagger3,,,,,,,3,9,0,1000000,3,0,0,0,3,1000000,1,,,,,1000000
OpenML,,0,0,1240,AirlinesCodrnaAdult,,,,,,,26,118,0,947304,16,0,3,0,29,1076790,1,,"0,8037666667","0,7913",1,947304
OpenML,,0,0,1241,codrnaNorm,,,,,,,8,8,0,325710,0,0,0,0,8,488565,1,,,,,325710
OpenML,,0,0,1242,vehicleNorm,,,,,,,100,100,0,98528,0,0,0,0,100,98528,1,,,,,98528
OpenML,,1,,1351,"BNG(anneal,1000,1)",,,,,1,,,,0,,,,,,,,,1,,,,0
OpenML,,1,,1352,"BNG(anneal,1000,5)",,,,,1,,,,0,,,,,,,,,1,,,,0
OpenML,,1,,1353,"BNG(anneal,1000,10)",,,,,1,,,,0,,,,,,,,,1,,,,0
OpenML,,1,,1354,"BNG(anneal,5000,1)",,,,,1,,,,0,,,,,,,,,1,,,,0
OpenML,,1,,1355,"BNG(anneal,5000,5)",,,,,1,,,,0,,,,,,,,,1,,,,0
OpenML,,1,,1356,"BNG(anneal,5000,10)",,,,,1,,,,0,,,,,,,,,1,,,,0
OpenML,,1,,1357,"BNG(anneal,10000,1)",,,,,1,,,,0,,,,,,,,,1,,,,0
OpenML,,1,,1358,"BNG(anneal,10000,5)",,,,,1,,,,0,,,,,,,,,1,,,,0
OpenML,,1,,1359,"BNG(anneal,10000,10)",,,,,1,,,,0,,,,,,,,,1,,,,0
OpenML,,1,,1360,"BNG(anneal,ORIG,1000,1)",,,,,1,,,,0,,,,,,,,,1,,,,0
OpenML,,1,,1361,"BNG(anneal,ORIG,1000,5)",,,,,1,,,,0,,,,,,,,,1,,,,0
OpenML,,1,,1362,"BNG(anneal,ORIG,1000,10)",,,,,1,,,,0,,,,,,,,,1,,,,0
OpenML,,1,,1363,"BNG(anneal,ORIG,5000,1)",,,,,1,,,,0,,,,,,,,,1,,,,0
OpenML,,1,,1364,"BNG(anneal,ORIG,5000,5)",,,,,1,,,,0,,,,,,,,,1,,,,0
OpenML,,1,,1365,"BNG(anneal,ORIG,5000,10)",,,,,1,,,,0,,,,,,,,,1,,,,0
OpenML,,1,,1366,"BNG(anneal,ORIG,10000,1)",,,,,1,,,,0,,,,,,,,,1,,,,0
OpenML,,1,,1367,"BNG(anneal,ORIG,10000,5)",,,,,1,,,,0,,,,,,,,,1,,,,0
OpenML,,1,,1368,"BNG(anneal,ORIG,10000,10)",,,,,1,,,,0,,,,,,,,,1,,,,0
OpenML,,1,,1369,"BNG(kr-vs-kp,1000,1)",,,,,1,,,,0,,,,,,,,,1,,,,0
OpenML,,1,,1370,"BNG(kr-vs-kp,1000,5)",,,,,1,,,,0,,,,,,,,,1,,,,0
OpenML,,1,,1371,"BNG(kr-vs-kp,1000,10)",,,,,1,,,,0,,,,,,,,,1,,,,0
OpenML,,1,,1372,"BNG(kr-vs-kp,5000,1)",,,,,1,,,,0,,,,,,,,,1,,,,0
OpenML,,1,,1373,"BNG(kr-vs-kp,5000,5)",,,,,1,,,,0,,,,,,,,,1,,,,0
OpenML,,1,,1374,"BNG(kr-vs-kp,5000,10)",,,,,1,,,,0,,,,,,,,,1,,,,0
OpenML,,1,,1375,"BNG(kr-vs-kp,10000,1)",,,,,1,,,,0,,,,,,,,,1,,,,0
OpenML,,1,,1376,"BNG(kr-vs-kp,10000,5)",,,,,1,,,,0,,,,,,,,,1,,,,0
OpenML,,1,,1377,"BNG(kr-vs-kp,10000,10)",,,,,1,,,,0,,,,,,,,,1,,,,0
OpenML,,1,,1378,"BNG(letter,1000,1)",,,,,1,,,,0,,,,,,,,,1,,,,0
OpenML,,1,,1379,"BNG(letter,1000,5)",,,,,1,,,,0,,,,,,,,,1,,,,0
OpenML,,1,,1380,"BNG(letter,1000,10)",,,,,1,,,,0,,,,,,,,,1,,,,0
OpenML,,1,,1381,"BNG(letter,5000,1)",,,,,1,,,,0,,,,,,,,,1,,,,0
OpenML,,1,,1382,"BNG(letter,5000,5)",,,,,1,,,,0,,,,,,,,,1,,,,0
OpenML,,1,,1383,"BNG(letter,5000,10)",,,,,1,,,,0,,,,,,,,,1,,,,0
OpenML,,1,,1384,"BNG(letter,10000,1)",,,,,1,,,,0,,,,,,,,,1,,,,0
OpenML,,1,,1385,"BNG(letter,10000,5)",,,,,1,,,,0,,,,,,,,,1,,,,0
OpenML,,1,,1386,"BNG(letter,10000,10)",,,,,1,,,,0,,,,,,,,,1,,,,0
OpenML,,1,,1387,"BNG(audiology,1000,1)",,,,,1,,,,0,,,,,,,,,1,,,,0
OpenML,,1,,1388,"BNG(audiology,1000,5)",,,,,1,,,,0,,,,,,,,,1,,,,0
OpenML,,1,,1389,"BNG(audiology,1000,10)",,,,,1,,,,0,,,,,,,,,1,,,,0
OpenML,,1,,1390,"BNG(audiology,5000,1)",,,,,1,,,,0,,,,,,,,,1,,,,0
OpenML,,1,,1391,"BNG(audiology,5000,5)",,,,,1,,,,0,,,,,,,,,1,,,,0
OpenML,,1,,1392,"BNG(audiology,5000,10)",,,,,1,,,,0,,,,,,,,,1,,,,0
OpenML,,1,,1393,"BNG(autos,1000,1)",,,,,1,,,,0,,,,,,,,,1,,,,0
OpenML,,1,,1394,"BNG(autos,1000,5)",,,,,1,,,,0,,,,,,,,,1,,,,0
OpenML,,1,,1395,"BNG(autos,1000,10)",,,,,1,,,,0,,,,,,,,,1,,,,0
OpenML,,1,,1396,"BNG(autos,5000,1)",,,,,1,,,,0,,,,,,,,,1,,,,0
OpenML,,1,,1397,"BNG(autos,5000,5)",,,,,1,,,,0,,,,,,,,,1,,,,0
OpenML,,1,,1398,"BNG(autos,5000,10)",,,,,1,,,,0,,,,,,,,,1,,,,0
OpenML,,1,,1399,"BNG(autos,10000,1)",,,,,1,,,,0,,,,,,,,,1,,,,0
OpenML,,1,,1400,"BNG(autos,10000,5)",,,,,1,,,,0,,,,,,,,,1,,,,0
OpenML,,1,,1401,"BNG(autos,10000,10)",,,,,1,,,,0,,,,,,,,,1,,,,0
OpenML,,1,,1402,"BNG(lymph,1000,1)",,,,,1,,,,0,,,,,,,,,1,,,,0
OpenML,,1,,1403,"BNG(lymph,1000,5)",,,,,1,,,,0,,,,,,,,,1,,,,0
OpenML,,1,,1404,"BNG(lymph,1000,10)",,,,,1,,,,0,,,,,,,,,1,,,,0
OpenML,,1,,1405,"BNG(lymph,5000,1)",,,,,1,,,,0,,,,,,,,,1,,,,0
OpenML,,1,,1406,"BNG(lymph,5000,5)",,,,,1,,,,0,,,,,,,,,1,,,,0
OpenML,,1,,1407,"BNG(lymph,5000,10)",,,,,1,,,,0,,,,,,,,,1,,,,0
OpenML,,1,,1408,"BNG(lymph,10000,1)",,,,,1,,,,0,,,,,,,,,1,,,,0
OpenML,,1,,1409,"BNG(lymph,10000,5)",,,,,1,,,,0,,,,,,,,,1,,,,0
OpenML,,1,,1410,"BNG(lymph,10000,10)",,,,,1,,,,0,,,,,,,,,1,,,,0
OpenML,,0,0,1459,artificial-characters,,,,,,,6,6,1,2396,0,0,0,0,7,10218,1,,,,,2396
OpenML,,0,0,1460,banana,,,,,,,2,2,0,5300,0,0,0,0,2,5300,1,,,,,5300
OpenML,,0,0,1461,bank-marketing,,,,,,,16,51,0,10578,9,0,0,0,16,45211,1,,"0,8679899181","0,8319470699",1,10578
OpenML,,0,0,1471,eeg-eye-state,,,,,,,14,14,0,13446,0,0,0,0,14,14980,1,,,,,13446
OpenML,,0,0,1475,first-order-theorem-proving,,,,,,,51,51,0,2178,0,0,0,0,51,6118,1,,,,,2178
OpenML,,0,0,1476,gas-drift,,,,,,,128,128,0,5852,0,0,0,0,128,13910,1,,,,,5852
OpenML,,0,0,1477,gas-drift-different-concentrations,,,,,,,129,129,0,5852,0,0,0,0,129,13910,1,,,,,5852
OpenML,,0,0,1478,har,,,,,,,561,561,0,3812,0,0,0,0,561,10299,0,,,,,3812
OpenML,,0,0,1481,kr-vs-k,,,,,,,3,20,3,28056,3,0,0,0,6,28056,1,,,,,28056
OpenML,1,1,1,1483,ldpa,,,,1,,,7,14,0,65420,2,0,0,0,7,164860,1,,"0,9599666667","0,6383333333",0,65420
OpenML,,0,0,1486,nomao,,,,,,,103,159,15,19688,29,0,0,0,118,34465,1,,"0,9664804469","0,9462219965",1,19688
OpenML,,0,0,1489,phoneme,,,,,,,5,5,0,3172,0,0,0,0,5,5404,1,,,,,3172
OpenML,,0,0,1496,ringnorm,,,,,,,20,20,0,7328,0,0,0,0,20,7400,1,,,,,7328
OpenML,,0,0,1497,wall-robot-navigation,,,,,,,24,24,0,4194,0,0,0,0,24,5456,1,,,,,4194
OpenML,,0,0,1502,skin-segmentation,,,,,,,3,3,0,245057,0,0,0,0,3,245057,1,,,,,245057
OpenML,,0,0,1503,spoken-arabic-digit,,,,,,,14,15,0,52932,0,0,0,0,14,263256,1,,"0,527","0,5169666667",1,52932
OpenML,,0,0,1507,twonorm,,,,,,,20,20,0,7394,0,0,0,0,20,7400,1,,,,,7394
OpenML,,0,0,1509,walking-activity,,,,,,,4,4,0,41516,0,0,0,0,4,149332,1,,,,,41516
OpenML,,0,0,1525,wall-robot-navigation,,,,,,,2,2,0,5456,0,0,0,0,2,5456,1,,,,,5456
OpenML,,0,0,1526,wall-robot-navigation,,,,,,,4,4,0,4194,0,0,0,0,4,5456,1,,,,,4194
OpenML,,0,0,1531,volcanoes-b1,,,,,,,3,3,0,10176,0,0,0,0,3,10176,1,,,,,10176
OpenML,,0,0,1532,volcanoes-b2,,,,,,,3,3,0,10668,0,0,0,0,3,10668,1,,,,,10668
OpenML,,0,0,1533,volcanoes-b3,,,,,,,3,3,0,10386,0,0,0,0,3,10386,1,,,,,10386
OpenML,,0,0,1534,volcanoes-b4,,,,,,,3,3,0,10190,0,0,0,0,3,10190,1,,,,,10190
OpenML,,0,0,1535,volcanoes-b5,,,,,,,3,3,0,9989,0,0,0,0,3,9989,1,,,,,9989
OpenML,,0,0,1536,volcanoes-b6,,,,,,,3,3,0,10130,0,0,0,0,3,10130,1,,,,,10130
OpenML,,0,0,1537,volcanoes-c1,,,,,,,3,3,0,28626,0,0,0,0,3,28626,1,,,,,28626
OpenML,,0,0,1538,volcanoes-d1,,,,,,,3,3,0,8753,0,0,0,0,3,8753,1,,,,,8753
OpenML,,0,0,1539,volcanoes-d2,,,,,,,3,3,0,9172,0,0,0,0,3,9172,1,,,,,9172
OpenML,,0,0,1540,volcanoes-d3,,,,,,,3,3,0,9285,0,0,0,0,3,9285,1,,,,,9285
OpenML,,0,0,1541,volcanoes-d4,,,,,,,3,3,0,8654,0,0,0,0,3,8654,1,,,,,8654
OpenML,,0,0,1557,abalone,,,,,,,8,10,0,2814,1,0,0,0,8,4177,1,,,,,2814
OpenML,,0,0,1558,bank-marketing,,,,,,,16,51,0,1042,9,0,0,0,16,4521,1,,,,,1042
OpenML,,0,0,1567,poker-hand,,,,,,,5,5,5,866194,0,0,0,0,10,1025009,1,,,,,866194
OpenML,,0,0,1568,nursery,,,,,,,8,27,0,8532,8,0,0,0,8,12958,1,,1,1,1,8532
OpenML,,0,0,1569,poker-hand,,,,,,,5,5,5,866192,0,0,0,0,10,1025000,1,,,,,866192
OpenML,,0,0,1590,adult,,,,,,,13,66,0,23374,8,0,1,0,14,48842,1,,"0,8434439933","0,8235411193",1,23374
OpenML,0,0,1,1596,covertype,,,,,,,54,93,0,423680,44,0,0,0,54,581012,1,,"0,8576333333","0,7782666667",0,423680
OpenML,,0,0,1597,creditcard,,,,,,,29,29,0,984,0,0,0,0,29,284807,1,,,,,984
OpenML,,0,0,4135,Amazon_employee_access,,,,,,,0,0,0,32769,9,0,9,0,9,32769,1,,,,,32769
OpenML,,0,0,4154,CreditCardSubset,,,,,,,30,30,0,46,0,0,0,0,30,14240,0,,,,,46
OpenML,,0,0,4534,PhishingWebsites,,,,,,,30,68,0,9796,30,0,0,0,30,11055,1,,"0,966859476","0,9356924124",1,9796
OpenML,,0,0,4538,GesturePhaseSegmentationProcessed,,,,,,,32,32,0,5482,0,0,0,0,32,9873,1,,,,,5482
OpenML,,0,0,4541,Diabetes130US,,,,,,,42,160,1,71090,40,0,6,0,49,101766,1,,"0,6345","0,6119333333",1,71090
OpenML,,0,0,4552,BachChoralHarmony,,,,,,,14,37,1,978,14,0,1,0,16,5665,1,,,,,978
OpenML,,0,0,23512,higgs,,,,,,,24,24,4,92446,0,0,0,1,28,98050,1,,,,,92447
OpenML,,0,0,23517,"numerai28,6",,,,,,,21,21,0,95324,0,0,0,0,21,96320,1,,,,,95324
OpenML,,0,0,40498,wine-quality-white,,,,,,,11,11,0,2914,0,0,0,0,11,4898,1,,,,,2914
OpenML,,0,0,40499,texture,,,,,,,40,40,0,1000,0,0,0,0,40,5500,1,,,,,1000
OpenML,,1,,40514,BNG(credit-g),,,,,1,,,,0,,,,,,,,,1,,,,0
OpenML,,1,,40515,BNG(spambase),,,,,1,,,,0,,,,,,,,,1,,,,0
OpenML,,1,,40516,BNG(optdigits),,,,,1,,,,0,,,,,,,,,1,,,,0
OpenML,,0,0,40517,"20_newsgroups,drift",,,,,,,1000,1989,0,39994,1000,0,0,0,1000,399940,1,,"0,4713931344","0,4771945267",1,39994
OpenML,,1,,40518,BNG(ionosphere),,,,,1,,,,0,,,,,,,,,1,,,,0
OpenML,,1,,40519,BNG(segment),,,,,1,,,,0,,,,,,,,,1,,,,0
OpenML,,1,,40520,BNG(anneal),,,,,1,,,,0,,,,,,,,,1,,,,0
OpenML,,0,0,40536,SpeedDating,,,,,,,112,234,6,1684,61,1,1,3412,120,8378,1,,,,,5096
OpenML,,0,0,40666,clean2,,,,,,,168,168,0,2034,0,0,0,0,168,6598,1,,,,,2034
OpenML,1,1,1,40668,connect-4,1,,,,,,42,126,0,33270,42,0,0,0,42,67557,1,,"0,9037219485","0,8178981938",0,33270
OpenML,,0,0,40672,fars,,,,,,,29,106,0,40014,15,0,0,0,29,100968,1,,1,1,1,40014
OpenML,,0,0,40685,shuttle,,,,,,,9,9,0,17806,0,0,0,0,9,58000,1,,,,,17806
OpenML,,0,0,40701,churn,,,,,,,20,33,0,1414,4,0,0,0,20,5000,1,,,,,1414
OpenML,,0,0,40900,Satellite,,,,,,,36,36,0,150,0,0,0,0,36,5100,0,,,,,150
OpenML,,0,0,40922,Run_or_walk_information,,,,,,,6,6,0,88446,0,0,0,0,6,88588,1,,,,,88446
OpenML,,0,0,40923,Devnagari-Script,,,,,,,784,784,240,4000,0,0,0,0,1024,92000,0,,,,,4000
OpenML,,1,,40926,CIFAR_10_small,,,,,,0,,,240,,,,,,,,,1,,,,0
OpenML,,1,,40927,CIFAR_10,,,,,,0,,,240,,,,,,,,,1,,,,0
OpenML,,0,0,40983,wilt,,,,,,,5,5,0,522,0,0,0,0,5,4839,1,,,,,522
OpenML,,0,0,40985,tamilnadu-electricity,,,,,,,2,2,0,45781,0,0,0,0,2,45781,1,,,,,45781
OpenML,,1,,40996,Fashion-MNIST,,,,,,0,,,0,,,,,,,,,1,,,,0
OpenML,,0,0,40997,jungle_chess_2pcs_endgame_panther_lion,,,,,,,41,69,5,4072,26,0,0,0,46,4704,1,,"0,9995090016","0,9919803601",1,4072
OpenML,,0,0,40998,jungle_chess_2pcs_endgame_panther_lion,,,,,,,41,69,5,4072,26,0,0,0,46,4704,1,,1,"0,9962356792",1,4072
OpenML,,0,0,41000,jungle_chess_2pcs_endgame_panther_elephant,,,,,,,42,68,4,4028,26,0,0,0,46,4704,1,,"0,9996691481","0,9674110835",1,4028
OpenML,1,1,1,41001,jungle_chess_2pcs_endgame_complete,1,,,,,,40,69,6,32500,26,0,0,3528,46,44819,1,,"0,9746857143","0,9255428571",0,36028
OpenML,,0,0,41002,jungle_chess_2pcs_endgame_rat_panther,,,,,,,42,68,4,3222,26,0,0,1176,46,5880,1,,"0,9995863495","0,9931747673",1,4398
OpenML,,0,0,41003,jungle_chess_2pcs_endgame_rat_elephant,,,,,,,42,68,4,3554,26,0,0,1176,46,5880,1,,1,"0,9636363636",1,4730
OpenML,,0,0,41004,jungle_chess_2pcs_endgame_lion_elephant,,,,,,,41,69,5,2818,26,0,0,0,46,4704,1,,,,,2818
OpenML,,0,0,41006,jungle_chess_2pcs_endgame_rat_lion,,,,,,,41,69,5,3960,26,0,0,1176,46,5880,1,,1,"0,9932659933",1,5136
OpenML,,0,,41026,gisette,,,,,,,4655,4721,345,7000,0,0,0,0,5000,7000,0,,,,,7000
OpenML,,0,0,41027,jungle_chess_2pcs_raw_endgame_complete,,,,,,,0,0,6,44819,0,0,0,0,6,44819,1,,,,,44819
OpenML,,1,,41039,EMNIST_Balanced,,,,,,0,,,6,,,,,,,,,1,,,,0
OpenML,,0,,41081,SVHN,,,,,,,3072,3072,0,29468,0,0,0,0,3072,99289,0,,,,,29468
OpenML,,0,0,41082,USPS,,,,,,,256,256,0,2538,0,0,0,0,256,9298,0,,,,,2538
OpenML,,0,,41103,STL-10,,,,,,,27648,27648,0,2600,0,0,0,0,27648,13000,0,,,,,2600
OpenML,,0,0,41138,APSFailure,,,,,,,159,160,1,506,0,10,0,23213,170,76000,0,,,,,23719
OpenML,,0,0,41142,christine,,,,,,,1635,1647,1,5418,37,0,0,0,1636,5418,0,,,,,5418
OpenML,,0,0,41145,philippine,,,,,,,308,308,0,5832,0,0,0,0,308,5832,1,,,,,5832
OpenML,,0,0,41146,sylvine,,,,,,,20,20,0,5124,0,0,0,0,20,5124,1,,,,,5124
OpenML,,0,0,41147,albert,,,,,,,28,111,0,146856,52,8,42,270829,78,425240,1,,"0,6540333333","0,6335666667",1,417685
OpenML,,0,0,41150,MiniBooNE,,,,,,,50,50,0,72998,0,0,0,0,50,130064,1,,,,,72998
OpenML,,0,0,41156,ada,,,,,,,46,85,2,2058,0,0,0,0,48,4147,1,,,,,2058
OpenML,,0,,41159,guillermo,,,,,,,4280,4281,16,16006,0,0,0,0,4296,20000,0,,,,,16006
OpenML,0,0,1,41160,rl,,,,,,,12,38,1,4970,14,2,7,1540,22,31406,1,,"0,7714285714","0,616498994",0,6510
OpenML,,0,,41161,riccardo,,,,,,,4283,4283,13,10000,0,0,0,0,4296,20000,0,,,,,10000
OpenML,,0,0,41162,kick,,,,,,,23,71,0,17836,18,2,7,383,32,72983,1,,"0,6849187068","0,681118794",1,18219
OpenML,,0,,41163,dilbert,,,,,,,2000,2000,0,4092,0,0,0,0,2000,10000,0,,,,,4092
OpenML,,0,0,41164,fabert,,,,,,,742,751,58,3030,0,0,0,0,800,8237,0,,,,,3030
OpenML,,0,,41165,robert,,,,,,,7200,7200,0,2070,0,0,0,0,7200,10000,0,,,,,2070
OpenML,,0,0,41166,volkert,,,,,,,147,147,33,23038,0,0,0,0,180,58310,1,,,,,23038
OpenML,,0,0,41168,jannis,,,,,,,54,54,0,57580,0,0,0,0,54,83733,1,,,,,57580
OpenML,,0,0,41169,helena,,,,,,,27,27,0,6126,0,0,0,0,27,65196,1,,,,,6126
OpenML,,0,0,41228,Klaverjas2018,,,,,,,0,0,32,981541,0,0,0,0,32,981541,1,,,,,981541
OpenML,,0,0,41434,Click_prediction_small,,,,,,,2,2,2,39948,7,0,7,0,11,39948,1,,,,,39948
OpenML,,0,0,41440,okcupid-stem,,,,,,,13,105,0,19114,17,0,6,1,19,50789,1,,"0,6781749491","0,6761987794",1,19115
OpenML,,0,0,41526,test_dataset,,,,,,,51,51,9,15136,0,0,0,14,60,15547,1,,,,,15150
OpenML,,0,0,41671,microaggregation2,,,,,,,10,10,10,8964,0,0,0,0,20,20000,1,,,,,8964
OpenML,,0,0,41672,airlines,,,,,,,5,28,0,480528,4,0,2,0,7,539383,1,,"0,6248666667","0,6239666667",1,480528
OpenML,,1,,41708,FOREX_eurchf-minute-Close,,,,1,,,,,0,,,,,,,,,1,,,,0
OpenML,,1,,41709,FOREX_audchf-hour-High,,,,1,,,,,0,,,,,,,,,1,,,,0
OpenML,,1,,41710,FOREX_eurhkd-minute-High,,,,1,,,,,0,,,,,,,,,1,,,,0
OpenML,,1,,41711,FOREX_eurusd-minute-Close,,,,1,,,,,0,,,,,,,,,1,,,,0
OpenML,,1,,41712,FOREX_eurcad-hour-High,,,,1,,,,,0,,,,,,,,,1,,,,0
OpenML,,1,,41714,FOREX_eurpln-minute-High,,,,1,,,,,0,,,,,,,,,1,,,,0
OpenML,,1,,41715,FOREX_eurhuf-hour-High,,,,1,,,,,0,,,,,,,,,1,,,,0
OpenML,,1,,41717,FOREX_usdjpy-minute-High,,,,1,,,,,0,,,,,,,,,1,,,,0
OpenML,,1,,41718,FOREX_audjpy-hour-High,,,,1,,,,,0,,,,,,,,,1,,,,0
OpenML,,1,,41723,FOREX_cadchf-hour-High,,,,1,,,,,0,,,,,,,,,1,,,,0
OpenML,,1,,41727,FOREX_usdcad-hour-Close,,,,1,,,,,0,,,,,,,,,1,,,,0
OpenML,,1,,41728,FOREX_cadjpy-minute-High,,,,1,,,,,0,,,,,,,,,1,,,,0
OpenML,,1,,41729,FOREX_chfjpy-minute-Close,,,,1,,,,,0,,,,,,,,,1,,,,0
OpenML,,1,,41732,FOREX_usdjpy-minute-Close,,,,1,,,,,0,,,,,,,,,1,,,,0
OpenML,,1,,41734,FOREX_eurpln-hour-Close,,,,1,,,,,0,,,,,,,,,1,,,,0
OpenML,,1,,41735,FOREX_eurcad-minute-Close,,,,1,,,,,0,,,,,,,,,1,,,,0
OpenML,,1,,41736,FOREX_eurhuf-hour-Close,,,,1,,,,,0,,,,,,,,,1,,,,0
OpenML,,1,,41738,FOREX_chfsgd-minute-High,,,,1,,,,,0,,,,,,,,,1,,,,0
OpenML,,1,,41739,FOREX_eurhkd-hour-High,,,,1,,,,,0,,,,,,,,,1,,,,0
OpenML,,1,,41741,FOREX_eursgd-minute-High,,,,1,,,,,0,,,,,,,,,1,,,,0
OpenML,,1,,41742,FOREX_eurgbp-hour-High,,,,1,,,,,0,,,,,,,,,1,,,,0
OpenML,,1,,41743,FOREX_eurpln-minute-Close,,,,1,,,,,0,,,,,,,,,1,,,,0
OpenML,,1,,41745,FOREX_chfjpy-minute-High,,,,1,,,,,0,,,,,,,,,1,,,,0
OpenML,,1,,41747,FOREX_audnzd-minute-Close,,,,1,,,,,0,,,,,,,,,1,,,,0
OpenML,,1,,41748,FOREX_usddkk-minute-Close,,,,1,,,,,0,,,,,,,,,1,,,,0
OpenML,,1,,41749,FOREX_gbpusd-minute-High,,,,1,,,,,0,,,,,,,,,1,,,,0
OpenML,,1,,41751,FOREX_eurnok-minute-Close,,,,1,,,,,0,,,,,,,,,1,,,,0
OpenML,,1,,41752,FOREX_eurjpy-minute-Close,,,,1,,,,,0,,,,,,,,,1,,,,0
OpenML,,1,,41755,FOREX_cadchf-minute-Close,,,,1,,,,,0,,,,,,,,,1,,,,0
OpenML,,1,,41757,FOREX_usdchf-minute-Close,,,,1,,,,,0,,,,,,,,,1,,,,0
OpenML,,1,,41758,FOREX_eursgd-hour-Close,,,,1,,,,,0,,,,,,,,,1,,,,0
OpenML,,1,,41759,FOREX_eurtry-hour-High,,,,1,,,,,0,,,,,,,,,1,,,,0
OpenML,,1,,41761,FOREX_eursek-minute-Close,,,,1,,,,,0,,,,,,,,,1,,,,0
OpenML,,1,,41762,FOREX_audsgd-hour-Close,,,,1,,,,,0,,,,,,,,,1,,,,0
OpenML,,1,,41763,FOREX_audcad-hour-High,,,,1,,,,,0,,,,,,,,,1,,,,0
OpenML,,1,,41767,FOREX_cadjpy-hour-Close,,,,1,,,,,0,,,,,,,,,1,,,,0
OpenML,,1,,41768,FOREX_eurnok-hour-High,,,,1,,,,,0,,,,,,,,,1,,,,0
OpenML,,1,,41770,FOREX_audjpy-minute-High,,,,1,,,,,0,,,,,,,,,1,,,,0
OpenML,,1,,41771,FOREX_eurtry-minute-Close,,,,1,,,,,0,,,,,,,,,1,,,,0
OpenML,,1,,41772,FOREX_audchf-minute-High,,,,1,,,,,0,,,,,,,,,1,,,,0
OpenML,,1,,41773,FOREX_eurtry-hour-Close,,,,1,,,,,0,,,,,,,,,1,,,,0
OpenML,,1,,41774,FOREX_eurhuf-minute-High,,,,1,,,,,0,,,,,,,,,1,,,,0
OpenML,,1,,41775,FOREX_usdcad-minute-Close,,,,1,,,,,0,,,,,,,,,1,,,,0
OpenML,,1,,41776,FOREX_eurhkd-minute-Close,,,,1,,,,,0,,,,,,,,,1,,,,0
OpenML,,1,,41777,FOREX_eurjpy-hour-High,,,,1,,,,,0,,,,,,,,,1,,,,0
OpenML,,1,,41778,FOREX_eurdkk-minute-High,,,,1,,,,,0,,,,,,,,,1,,,,0
OpenML,,1,,41779,FOREX_eursek-hour-High,,,,1,,,,,0,,,,,,,,,1,,,,0
OpenML,,1,,41780,FOREX_usdchf-hour-High,,,,1,,,,,0,,,,,,,,,1,,,,0
OpenML,,1,,41781,FOREX_audcad-hour-Close,,,,1,,,,,0,,,,,,,,,1,,,,0
OpenML,,1,,41782,FOREX_usdjpy-hour-Close,,,,1,,,,,0,,,,,,,,,1,,,,0
OpenML,,1,,41786,FOREX_eurgbp-minute-Close,,,,1,,,,,0,,,,,,,,,1,,,,0
OpenML,,1,,41787,FOREX_eurpln-hour-High,,,,1,,,,,0,,,,,,,,,1,,,,0
OpenML,,1,,41789,FOREX_eurnzd-minute-High,,,,1,,,,,0,,,,,,,,,1,,,,0
OpenML,,1,,41792,FOREX_usdchf-hour-Close,,,,1,,,,,0,,,,,,,,,1,,,,0
OpenML,,1,,41793,FOREX_eurjpy-minute-High,,,,1,,,,,0,,,,,,,,,1,,,,0
OpenML,,1,,41794,FOREX_nzdusd-minute-Close,,,,1,,,,,0,,,,,,,,,1,,,,0
OpenML,,1,,41795,FOREX_gbpusd-minute-Close,,,,1,,,,,0,,,,,,,,,1,,,,0
OpenML,,1,,41796,FOREX_eurrub-minute-Close,,,,1,,,,,0,,,,,,,,,1,,,,0
OpenML,,1,,41798,FOREX_usdcad-minute-High,,,,1,,,,,0,,,,,,,,,1,,,,0
OpenML,,1,,41799,FOREX_eurhkd-hour-Close,,,,1,,,,,0,,,,,,,,,1,,,,0
OpenML,,1,,41800,FOREX_cadjpy-minute-Close,,,,1,,,,,0,,,,,,,,,1,,,,0
OpenML,,1,,41802,FOREX_audcad-minute-High,,,,1,,,,,0,,,,,,,,,1,,,,0
OpenML,,1,,41804,FOREX_gbpusd-hour-Close,,,,1,,,,,0,,,,,,,,,1,,,,0
OpenML,,1,,41805,FOREX_eurrub-hour-High,,,,1,,,,,0,,,,,,,,,1,,,,0
OpenML,,1,,41806,FOREX_audjpy-hour-Close,,,,1,,,,,0,,,,,,,,,1,,,,0
OpenML,,1,,41807,FOREX_nzdusd-minute-High,,,,1,,,,,0,,,,,,,,,1,,,,0
OpenML,,1,,41808,FOREX_eurgbp-minute-High,,,,1,,,,,0,,,,,,,,,1,,,,0
OpenML,,1,,41809,FOREX_audusd-minute-High,,,,1,,,,,0,,,,,,,,,1,,,,0
OpenML,,1,,41810,FOREX_audchf-minute-Close,,,,1,,,,,0,,,,,,,,,1,,,,0
OpenML,,1,,41813,FOREX_audsgd-minute-Close,,,,1,,,,,0,,,,,,,,,1,,,,0
OpenML,,1,,41814,FOREX_euraud-minute-Close,,,,1,,,,,0,,,,,,,,,1,,,,0
OpenML,,1,,41816,FOREX_usddkk-hour-High,,,,1,,,,,0,,,,,,,,,1,,,,0
OpenML,,1,,41817,FOREX_audusd-minute-Close,,,,1,,,,,0,,,,,,,,,1,,,,0
OpenML,,1,,41819,FOREX_eurrub-minute-High,,,,1,,,,,0,,,,,,,,,1,,,,0
OpenML,,1,,41820,FOREX_chfsgd-hour-High,,,,1,,,,,0,,,,,,,,,1,,,,0
OpenML,,1,,41822,FOREX_audnzd-minute-High,,,,1,,,,,0,,,,,,,,,1,,,,0
OpenML,,1,,41823,FOREX_eurcad-minute-High,,,,1,,,,,0,,,,,,,,,1,,,,0
OpenML,,1,,41824,FOREX_eurgbp-hour-Close,,,,1,,,,,0,,,,,,,,,1,,,,0
OpenML,,1,,41825,FOREX_audnzd-hour-High,,,,1,,,,,0,,,,,,,,,1,,,,0
OpenML,,1,,41827,FOREX_euraud-hour-Close,,,,1,,,,,0,,,,,,,,,1,,,,0
OpenML,,1,,41828,FOREX_usdcad-hour-High,,,,1,,,,,0,,,,,,,,,1,,,,0
OpenML,,1,,41831,FOREX_eurdkk-hour-Close,,,,1,,,,,0,,,,,,,,,1,,,,0
OpenML,,1,,41832,FOREX_nzdusd-hour-Close,,,,1,,,,,0,,,,,,,,,1,,,,0
OpenML,,1,,41833,FOREX_cadjpy-hour-High,,,,1,,,,,0,,,,,,,,,1,,,,0
OpenML,,1,,41835,FOREX_euraud-hour-High,,,,1,,,,,0,,,,,,,,,1,,,,0
OpenML,,1,,41836,FOREX_cadchf-minute-High,,,,1,,,,,0,,,,,,,,,1,,,,0
OpenML,,1,,41837,FOREX_audjpy-minute-Close,,,,1,,,,,0,,,,,,,,,1,,,,0
OpenML,,1,,41838,FOREX_cadchf-hour-Close,,,,1,,,,,0,,,,,,,,,1,,,,0
OpenML,,1,,41840,FOREX_eurnok-minute-High,,,,1,,,,,0,,,,,,,,,1,,,,0
OpenML,,1,,41842,FOREX_eurchf-hour-High,,,,1,,,,,0,,,,,,,,,1,,,,0
OpenML,,1,,41843,FOREX_audusd-hour-High,,,,1,,,,,0,,,,,,,,,1,,,,0
OpenML,,1,,41845,FOREX_eurusd-minute-High,,,,1,,,,,0,,,,,,,,,1,,,,0
OpenML,,1,,41850,FOREX_eursek-minute-High,,,,1,,,,,0,,,,,,,,,1,,,,0
OpenML,,1,,41851,FOREX_usdjpy-hour-High,,,,1,,,,,0,,,,,,,,,1,,,,0
OpenML,,1,,41852,FOREX_eurchf-minute-High,,,,1,,,,,0,,,,,,,,,1,,,,0
OpenML,,1,,41853,FOREX_eurnzd-minute-Close,,,,1,,,,,0,,,,,,,,,1,,,,0
OpenML,,1,,41854,FOREX_audcad-minute-Close,,,,1,,,,,0,,,,,,,,,1,,,,0
OpenML,,1,,41855,FOREX_eurtry-minute-High,,,,1,,,,,0,,,,,,,,,1,,,,0
OpenML,,1,,41856,FOREX_eurdkk-hour-High,,,,1,,,,,0,,,,,,,,,1,,,,0
OpenML,,1,,41859,FOREX_eurnok-hour-Close,,,,1,,,,,0,,,,,,,,,1,,,,0
OpenML,,1,,41860,FOREX_eurusd-hour-Close,,,,1,,,,,0,,,,,,,,,1,,,,0
OpenML,,1,,41861,FOREX_euraud-minute-High,,,,1,,,,,0,,,,,,,,,1,,,,0
OpenML,,1,,41862,FOREX_eurrub-hour-Close,,,,1,,,,,0,,,,,,,,,1,,,,0
OpenML,,1,,41865,FOREX_audsgd-hour-High,,,,1,,,,,0,,,,,,,,,1,,,,0
OpenML,,1,,41869,FOREX_eursgd-minute-Close,,,,1,,,,,0,,,,,,,,,1,,,,0
OpenML,,1,,41870,FOREX_chfjpy-hour-Close,,,,1,,,,,0,,,,,,,,,1,,,,0
OpenML,,1,,41871,FOREX_usddkk-hour-Close,,,,1,,,,,0,,,,,,,,,1,,,,0
OpenML,,1,,41873,FOREX_eurusd-hour-High,,,,1,,,,,0,,,,,,,,,1,,,,0
OpenML,,1,,41876,FOREX_eurdkk-minute-Close,,,,1,,,,,0,,,,,,,,,1,,,,0
OpenML,,1,,41877,FOREX_eurchf-hour-Close,,,,1,,,,,0,,,,,,,,,1,,,,0
OpenML,,1,,41878,FOREX_audusd-hour-Close,,,,1,,,,,0,,,,,,,,,1,,,,0
OpenML,,1,,41879,FOREX_gbpusd-hour-High,,,,1,,,,,0,,,,,,,,,1,,,,0
OpenML,,1,,41880,FOREX_chfsgd-minute-Close,,,,1,,,,,0,,,,,,,,,1,,,,0
OpenML,,1,,41881,FOREX_chfjpy-hour-High,,,,1,,,,,0,,,,,,,,,1,,,,0
OpenML,,1,,41883,FOREX_eurnzd-hour-High,,,,1,,,,,0,,,,,,,,,1,,,,0
OpenML,,1,,41884,FOREX_nzdusd-hour-High,,,,1,,,,,0,,,,,,,,,1,,,,0
OpenML,,1,,41885,FOREX_chfsgd-hour-Close,,,,1,,,,,0,,,,,,,,,1,,,,0
OpenML,,1,,41886,FOREX_eurnzd-hour-Close,,,,1,,,,,0,,,,,,,,,1,,,,0
OpenML,,1,,41887,FOREX_audsgd-minute-High,,,,1,,,,,0,,,,,,,,,1,,,,0
OpenML,,1,,41888,FOREX_audchf-hour-Close,,,,1,,,,,0,,,,,,,,,1,,,,0
OpenML,,1,,41889,FOREX_eurjpy-hour-Close,,,,1,,,,,0,,,,,,,,,1,,,,0
OpenML,,1,,41890,FOREX_usddkk-minute-High,,,,1,,,,,0,,,,,,,,,1,,,,0
OpenML,,1,,41891,FOREX_eurcad-hour-Close,,,,1,,,,,0,,,,,,,,,1,,,,0
OpenML,,1,,41892,FOREX_usdchf-minute-High,,,,1,,,,,0,,,,,,,,,1,,,,0
OpenML,,1,,41893,FOREX_eursgd-hour-High,,,,1,,,,,0,,,,,,,,,1,,,,0
OpenML,,1,,41895,FOREX_eurhuf-minute-Close,,,,1,,,,,0,,,,,,,,,1,,,,0
OpenML,,1,,41896,FOREX_eursek-hour-Close,,,,1,,,,,0,,,,,,,,,1,,,,0
OpenML,,1,,41898,FOREX_audnzd-hour-Close,,,,1,,,,,0,,,,,,,,,1,,,,0
OpenML,,0,,41949,FOREX_audnzd-hour-Close,,,,1,,,,,,,,,,,,,,,,,,0
OpenML,,0,0,41972,Indian_pines,,,,,,,220,220,0,5004,0,0,0,0,220,9144,1,,,,,5004
OpenML,,1,,41982,Kuzushiji-MNIST,,,,,,0,,,0,,,,,,,,,1,,,,0
OpenML,,1,,41983,CIFAR-100,,,,,,0,,,0,,,,,,,,,1,,,,0
OpenML,,1,,41986,GTSRB-HOG01,,,,,,0,,,0,,,,,,,,,1,,,,0
OpenML,,1,,41988,GTSRB-HOG02,,,,,,0,,,0,,,,,,,,,1,,,,0
OpenML,,1,,41989,GTSRB-HOG03,,,,,,0,,,0,,,,,,,,,1,,,,0
OpenML,,1,,41990,GTSRB-HueHist,,,,,,0,,,0,,,,,,,,,1,,,,0
OpenML,,0,,41991,Kuzushiji-49,,,,,,0,,,,,,,,,,,,,,,,0
OpenML,,0,0,42078,beer_reviews,,,,,,,5,5,3,170248,4,0,4,67785,12,1586614,1,,,,,238033
OpenML,,0,0,42087,beer_reviews,,,,,,,5,5,3,170248,4,0,4,67785,12,1586614,1,,,,,238033
OpenML,,0,0,42088,beer_reviews,,,,,,,5,5,3,170248,4,0,4,67785,12,1586614,1,,,,,238033
OpenML,,0,0,42089,vancouver_employee,,,,,,,5,5,3,170248,4,0,4,67785,12,1586614,1,,,,,238033
OpenML,,0,0,42132,Traffic_violations,,,,,,,20,67,5,1413948,31,2,15,9647,42,1578154,1,,"0,6321","0,6043333333",1,1423595
OpenML,,0,,42140,SVHN_small,,,,,,,3072,3072,0,2946,0,0,0,0,3072,9927,0,,,,,2946
OpenML,,0,,42141,SVHN_medium,,,,,,,3072,3072,0,14734,0,0,0,0,3072,49644,0,,,,,14734
OpenML,,0,,42178,telco-customer-churn,,,,,,,,,,,,,,,,,,,,,,0
OpenML,,0,0,42192,compas-two-years,,,,,,,11,19,2,4966,6,0,0,0,13,5278,1,,"0,6306040268","0,6723489933",1,4966
OpenML,,0,0,42193,compas-two-years,,,,,,,11,19,2,4966,6,0,0,0,13,5278,1,,"0,6426845638","0,6703355705",1,4966
OpenML,,0,0,42206,porto-seguro,,,,,,,31,102,3,34308,25,2,1,142164,37,595212,1,,"0,5842137974","0,5799150611",1,176472
OpenML,,0,0,42252,Asteroid_Dataset,,,,,,,32,39,0,276,2,0,1,96,33,126131,0,,,,,372
OpenML,,0,0,42256,Asteroid_Dataset,,,,,,,32,32,0,276,1,0,1,96,33,126131,0,,,,,372
OpenML,,0,0,42343,KDD98,,,,,,,401,851,11,13992,136,26,39,25868,477,82318,1,,"0,5611243449","0,5621248213",1,39860
OpenML,,0,0,42344,sf-police-incidents,,,,,,,5,46,0,538638,5,0,1,0,6,538638,1,,"0,5518666667","0,5465333333",1,538638
OpenML,,0,0,42345,Traffic_violations,,,,,,,10,41,0,64490,19,0,10,434,20,70340,1,,"0,5939","0,5878333333",1,64924
OpenML,,0,0,42395,SantanderCustomerSatisfaction,,,,,,,200,200,0,40196,1,0,1,0,201,200000,1,,,,,40196
OpenML,,0,0,42397,CreditCardFraudDetection,,,,,,,30,30,0,984,0,0,0,0,30,284807,1,,,,,984
OpenML,,0,0,42435,SantanderCustomerSatisfaction,,,,,,,200,200,0,40196,1,0,1,0,201,200000,1,,,,,40196
OpenML,,0,0,42468,hls4ml_lhc_jets_hlf,,,,,,,16,16,0,334250,0,0,0,0,16,830000,1,,,,,334250
OpenML,,0,0,42477,default-of-credit-card-clients,,,,,,,21,22,2,13272,0,0,0,0,23,30000,1,,"0,6962832747","0,6758915118",1,13272
OpenML,,0,0,42493,airlines,,,,,,,4,27,0,24070,5,0,3,0,7,26969,1,,"0,6230429989","0,617199559",1,24070
OpenML,,0,0,42553,BitcoinHeist_Ransomware,,,,,,,7,7,1,24780,1,0,1,0,9,2916697,1,,,,,24780
OpenML,,1,,42680,RelevantImagesDatasetTEST,,,,,,0,,,1,,,,,,,,,1,,,,0
OpenML,,0,0,42717,Click_prediction_small,,,,,,,1,1,2,39948,6,0,6,0,9,39948,1,,,,,39948
OpenML,,1,,42718,BNG(vehicle),,,,,1,,,,2,,,,,,,,,1,,,,0
OpenML,,0,0,42732,sf-police-incidents,,,,,,,7,48,0,538638,5,0,1,0,8,2215023,1,,"0,5736333333","0,5506666667",1,538638
OpenML,,0,0,42733,Click_prediction_small,,,,,,,2,2,2,39948,7,0,7,0,11,39948,1,,,,,39948
OpenML,,0,0,42734,okcupid-stem,,,,,,,13,105,0,19114,17,0,6,1,19,50789,1,,"0,679163034","0,6792792793",1,19115
OpenML,,0,0,42738,open_payments,,,,,,,1,2,0,73558,3,2,2,0,5,73558,1,,,,,73558
OpenML,,0,0,42742,porto-seguro,,,,,,,48,125,6,34308,31,2,1,142164,57,595212,1,,"0,5861818935","0,5821939093",1,176472
OpenML,,0,0,42746,KDDCup99,,,,,,,35,40,5,2144034,9,0,1,0,41,4898431,1,,1,1,1,2144034
OpenML,,0,0,42750,Census-Income-KDD,,,,,,,32,165,3,24764,28,0,6,0,41,199523,1,,"0,8742660112","0,8660726478",1,24764
OpenML,,0,,42757,KDDCup09-Appetency,,,,,,,11046,14890,3669,640,75,263,22,24035,15000,50000,0,,,,,24675
OpenML,,0,,42758,KDDCup09-Churn,,,,,,,11046,16042,3669,3446,75,263,22,24035,15000,50000,0,,,,,27481
OpenML,,0,,42759,KDDCup09-Upselling,,,,,,,11046,15476,3669,1592,75,263,22,24035,15000,50000,0,,,,,25627
OpenML,,0,0,42769,Higgs,,,,,,,24,24,4,940160,0,0,0,0,28,1000000,1,,,,,940160
OpenML,,0,,42773,KDDCup09-Upselling,,,,,,,11214,15926,3537,1592,260,210,39,24035,15000,50000,0,,,,,25627
OpenML,,0,,42774,KDDCup09-Appetency,,,,,,,11214,15277,3537,640,260,210,39,24035,15000,50000,0,,,,,24675
OpenML,,0,,42775,KDDCup09-Churn,,,,,,,11214,16502,3537,3446,260,210,39,24035,15000,50000,0,,,,,27481
OpenML,0,0,1,42803,road-safety,,,,,,,32,35,29,111762,5,0,5,193342,66,363243,1,,"0,7702","0,6989",0,305104
OpenML,,1,,42811,PCam16k,,,,,,0,,,29,,,,,,,,,1,,,,0
OpenML,,1,,42812,PCam16k,,,,,,0,,,29,,,,,,,,,1,,,,0
OpenML,,0,,42819,OxfordPets,,,,,,,49152,49152,0,400,0,0,0,0,49152,7349,0,,,,,400
OpenML,,0,,42820,OxfordPets,,,,,,,49152,49152,0,400,0,0,0,0,49152,7349,0,,,,,400
OpenML,,0,0,43044,drug-directory,,,,,,,4,14,1,92944,14,2,12,4593,19,120215,1,,"0,9523666667","0,9518333333",1,97537
OpenML,,0,0,43051,art_daily_nojump4,,,,,,,1,1,0,4032,1,0,1,0,2,4032,1,,,,,4032
OpenML,,0,,43072,KDDCup09-Upselling,,,,,,,11046,15511,3499,1592,189,308,38,24035,14891,50000,0,,,,,25627
OpenML,,0,,43149,StackOverflow-polarity,,,,,,,0,0,0,4423,1,0,1,0,1,4423,,,,,,4423
OpenML,,0,0,43160,StackOverflow-polarity,,,,,,,0,0,0,4423,1,0,1,0,1,4423,1,,,,,4423
OpenML,,0,0,43439,Medical-Appointment-No-Shows,,,,,,,8,14,1,44638,4,0,3,0,12,110527,1,,"0,6243673662","0,6137391187",1,44638
OpenML,,0,0,43489,Census-(Augmented),,,,,,,13,66,0,630668,8,0,1,0,14,1000000,1,,"0,8708666667","0,8726333333",1,630668
OpenML,,0,0,43551,Employee-Turnover-at-TECHCO,,,,,,,9,10,0,988,0,0,0,0,9,34452,1,,,,,988
OpenML,,0,0,43607,WMO-Hurricane-Survival-Dataset,,,,,,,21,145,0,4874,21,0,1,1,22,5021,1,,"0,5026657553","0,5133287765",1,4875
OpenML,,0,0,43890,law-school-admission-bianry,,,,,,,10,19,1,13388,5,0,0,0,11,20800,1,,1,1,1,13388
OpenML,,0,0,43892,national-longitudinal-survey-binary,,,,,,,13,50,2,3706,7,0,1,0,16,4908,1,,1,"0,9879496403",1,3706
OpenML,,0,0,43898,adult,,,,,,,13,66,0,23362,8,0,1,0,14,48790,1,,"0,8443354859","0,8232081639",1,23362
OpenML,,0,0,43900,amazon_employee_access,,,,,,,0,0,0,32769,9,0,9,0,9,32769,1,,,,,32769
OpenML,,0,0,43901,click_prediction_small,,,,,,,2,2,2,39926,4,0,4,0,8,39926,1,,,,,39926
OpenML,,0,0,43903,Diabetes-130-Hospitals_(Fairlearn),,,,,,,20,55,1,22714,16,0,0,0,21,101766,1,,"0,5916083312","0,5926021951",1,22714
OpenML,,0,0,43904,law-school-admission-bianry,,,,,,,9,21,1,13388,5,0,0,0,10,20800,1,,"0,6686582026","0,6726412746",1,13388
OpenML,,0,0,43915,Meta-Album--FLW--(Mini),,,,,,,1,1,0,4080,2,0,1,0,2,4080,1,,,,,4080
OpenML,,0,0,43920,kdd_internet_usage,,,,,,,66,218,0,5430,70,0,4,0,70,10108,1,,"0,8674846626","0,8601226994",1,5430
OpenML,,0,0,43922,mushroom,,,,,,,22,117,0,7832,22,0,0,0,22,8124,1,,1,"0,9996595745",1,7832
OpenML,,0,0,43923,mushroom,,,,,,,8,27,0,8532,8,0,0,0,8,12960,1,,1,1,1,8532
OpenML,,0,0,43925,eucalyptus,,,,,,,7,26,0,2694,2,0,0,0,7,4331,1,,,,,2694
OpenML,,0,0,43938,nursery,,,,,,,8,27,0,8532,8,0,0,0,8,12960,1,,1,1,1,8532
Custom,0,0,0,,churn,,,,,,,9,4074,,,,0,1,0,13,10000,,,"0,6958299264","0,7064595258",1,10000
Custom,0,0,0,,shopping,,,,,,,16,3816,,,,0,1,0,17,12330,,,"0,8394759825","0,8052401747",1,12330
Custom,0,0,1,,compass,,,,,,,17,16658,,,,3,0,1297,51,18316,,,"0,7356942777","0,6856742697",0,18319
Custom,0,0,0,,support,,,,,,,29,4226,,,,7,2,2675,46,9105,,,"0,9070977918","0,8694006309",1,9112
Custom,0,0,0,,blastchar,,,,,,,18,3738,,,,0,0,0,20,7043,,,"0,7117647059","0,7534759358",1,7043
Custom,0,0,0,,adult,,,,,,,13,15682,,,,0,0,0,14,32561,,,"0,8443783209","0,8251222104",1,32561