Source,Remove,checks_passed,dataset_id,dataset_name,heterogeneous,Deterministic,Artificial,P/n ratio too high,Stream,Time series,Too many low cardinality,Hidden columns,Too little information,Too many IDs,Redundant,Crafted features,Simulated,n_features,n_samples,num_categorical_columns,num_columns_missing,num_pseudo_categorical_columns,num_rows_missing,original_n_features,original_n_samples,score_hbgt,score_logistic,too_easy
OpenML binary,,0,38,sick,,,,,,,,,,,,,,6,436,22,0,1,1021,29,3772,,,
OpenML binary,,0,44,spambase,,,,,,,,,,,,,,57,3626,0,0,0,0,57,4601,"0,9520220588","0,9200367647",1
OpenML binary,0,1,151,electricity,,,,,,,,,,,,,,7,38474,1,0,0,0,8,45312,"0,8467001748","0,7324810606",0
OpenML binary,,0,152,Hyperplane_10_1E-3,,,,,,,,,,,,,,10,999986,0,0,0,0,10,1000000,"0,6141455161","0,6867005076",1
OpenML binary,,0,153,Hyperplane_10_1E-4,,,,,,,,,,,,,,10,999668,0,0,0,0,10,1000000,"0,7873434856","0,9021319797",1
OpenML binary,1,0,246,BNG(labor),,,1,,,,,,,,,,,7,706000,8,0,1,0,16,1000000,"0,7522135949","0,77060346",1
OpenML binary,,0,251,BNG(breast-w),,,,,,,,,,,,,,9,27092,0,0,0,0,9,39366,"0,9835698282","0,9788897187",1
OpenML binary,,0,256,"BNG(colic,ORIG)",,,,,,,,,,,,,,7,724812,20,0,0,0,27,1000000,"0,5019741321","0,4997277059",1
OpenML binary,1,0,257,BNG(colic),,,1,,,,,,,,,,,7,739558,15,0,0,0,22,1000000,"0,6401061513","0,6321448013",1
OpenML binary,1,0,258,BNG(credit-a),,,1,,,,,,,,,,,6,891984,9,0,0,0,15,1000000,"0,7373203146","0,744100895",1
OpenML binary,,0,260,BNG(credit-g),,,,,,,,,,,,,,3,600452,13,0,4,0,20,1000000,,,
OpenML binary,1,1,262,BNG(cylinder-bands),,,1,,,,,,,,,,,17,843876,21,0,1,0,39,1000000,"0,6001764626","0,5589792317",0
OpenML binary,1,1,264,BNG(sonar),,,1,,,,,,,,,,,60,934924,0,0,0,0,60,1000000,"0,8121273713","0,7430894309",0
OpenML binary,,0,267,BNG(heart-statlog),,,,,,,,,,,,,,6,888108,0,0,7,0,13,1000000,"0,7655116295","0,7901946159",1
OpenML binary,,0,269,BNG(hepatitis),,,,,,,,,,,,,,6,415634,13,0,0,0,19,1000000,"0,752956636","0,7639532471",1
OpenML binary,,0,273,"IMDB,drama",,,,,,,,,,,,,,0,120919,0,0,1001,0,1001,120919,,,
OpenML binary,0,1,293,covertype,1,,0,,,,,,,0,,,0,10,566602,0,0,44,0,54,581012,"0,6937615558","0,5506402794",0
OpenML binary,,0,310,mammography,,,,,,,,,,,,,,6,520,0,0,0,0,6,11183,,,
OpenML binary,,0,350,webdata_wXa,,,,,,,,,,,,,,0,36974,0,0,123,0,123,36974,,,
OpenML binary,,0,351,codrna,,,,,,,,,,0,,,0,8,325710,0,0,0,0,8,488565,"0,9392033543","0,9178197065",1
OpenML binary,0,1,354,poker,,1,,,,,,,,,,,,5,1022616,0,0,5,0,10,1025010,"0,5558863329","0,5122462788",0
OpenML binary,,0,357,vehicle_sensIT,,,,,,,,,,,,,,100,98528,0,0,0,0,100,98528,"0,854839978","0,8490209955",1
OpenML binary,,0,720,abalone,,,,,,,,,,,,,,7,4162,1,0,0,0,8,4177,"0,7665332266","0,7863891113",1
OpenML binary,0,1,722,pol,,,,,,,,,,,,,,26,10082,0,0,22,0,48,15000,"0,986446281","0,8550743802",0
OpenML binary,,0,725,bank8FM,,,,,,,,,,,,,,7,6614,0,0,1,0,8,8192,"0,9453904282","0,9452896725",1
OpenML binary,,0,727,2dplanes,,,,,,,,,,,,,,0,40768,0,0,10,0,10,40768,,,
OpenML binary,,0,728,analcatdata_supreme,,,,,,,,,,,,,,2,1942,0,0,5,0,7,4052,,,
OpenML binary,,0,734,ailerons,,,,,,,,,,,,,,33,11656,0,0,7,0,40,13750,"0,8841864455","0,8772662282",1
OpenML binary,,0,735,cpu_small,,,,,,,,,,,,,,12,4954,0,0,0,0,12,8192,"0,9128446537","0,8997982515",1
OpenML binary,,0,737,space_ga,,,,,,,,,,,,,,6,3082,0,0,0,0,6,3107,"0,8475675676","0,8371891892",1
OpenML binary,1,1,752,puma32H,0,,,,,,,,,,,,,32,8128,0,0,0,0,32,8192,"0,8872488725","0,6527265273",0
OpenML binary,,0,761,cpu_act,,,,,,,,,,,,,,21,4954,0,0,0,0,21,8192,"0,9295225286","0,9188971083",1
OpenML binary,,0,803,delta_ailerons,,,,,,,,,,,,,,5,6692,0,0,0,0,5,7129,"0,9407370518","0,9369521912",1
OpenML binary,1,1,807,kin8nm,0,,,,,,,,,,,,,8,8048,0,0,0,0,8,8192,"0,8665010352","0,7305175983",0
OpenML binary,,0,816,puma8NH,,,,,,,,,,,,,,8,8156,0,0,0,0,8,8192,"0,8136493666","0,8225582346",1
OpenML binary,,0,819,delta_elevators,,,,,,,,,,,,,,5,9464,0,0,1,0,6,9517,"0,8745774648","0,8821126761",1
OpenML binary,0,1,821,house_16H,,,,,,,,,,,,,,16,13488,0,0,0,0,16,22784,"0,8806523351","0,81606128",0
OpenML binary,,0,823,houses,,,,,,,,,,,,,,8,17828,0,0,0,0,8,20640,"0,9802222222","0,9612",1
OpenML binary,,0,833,bank32nh,,,,,,,,,,,,,,28,5086,0,0,4,0,32,8192,"0,7841415465","0,7868938401",1
OpenML binary,1,1,843,house_8L,,,,,,,,,,,1,,,8,13488,0,0,0,0,8,22784,"0,8673585372","0,822041018",0
OpenML binary,,0,846,elevators,,,,,,,,,,,,,,16,10260,0,0,2,0,18,16599,"0,854628126","0,8685936993",1
OpenML binary,,0,847,wind,,,,,,,,,,,,,,14,6146,0,0,0,0,14,6574,"0,8523861171","0,8493492408",1
OpenML binary,,0,871,pollen,,,,,,,,,,,,,,5,3848,0,0,0,0,5,3848,"0,4881385281","0,4853679654",1
OpenML binary,1,1,881,mv,,,1,,,,,,,,,,,7,32894,3,0,0,0,10,40768,"0,993995098","0,8611111111",0
OpenML binary,1,1,901,fried,,,1,,,,,,,,,,,10,40682,0,0,0,0,10,40768,"0,9177402323","0,8332629356",0
OpenML binary,,0,976,JapaneseVowels,,,,,,,,,,,,,,14,3228,0,0,0,0,14,9961,"0,9836945304","0,9581011352",1
OpenML binary,,0,977,letter,,,,,,,,,,,,,,16,1626,0,0,0,0,16,20000,,,
OpenML binary,,0,979,waveform-5000,,,,,,,,,,,,,,40,3384,0,0,0,0,40,5000,"0,8852362205","0,8730314961",1
OpenML binary,,0,980,optdigits,,,,,,,,,,,,,,51,1144,0,0,13,0,64,5620,,,
OpenML binary,0,1,993,kdd_ipums_la_97-small,,,,,,,,,,,,,,20,5188,27,0,13,0,60,7019,"0,877970456","0,8321130379",0
OpenML binary,,0,1000,hypothyroid,,,,,,,,,,,,,,6,446,22,0,1,1021,29,3772,,,
OpenML binary,,0,1002,ipums_la_98-small,,,,,,,,,,,,,,16,1582,39,0,0,0,55,7485,,,
OpenML binary,,0,1018,ipums_la_99-small,,,,,,,,,,,,,,15,1136,41,0,0,0,56,8844,,,
OpenML binary,,0,1019,pendigits,,,,,,,,,,,,,,16,2288,0,0,0,0,16,10992,,,
OpenML binary,,0,1021,page-blocks,,,,,,,,,,,,,,10,1120,0,0,0,0,10,5473,,,
OpenML binary,,0,1037,ada_prior,,,,,,,,,,,,,,6,2264,8,0,0,0,14,4562,,,
OpenML binary,1,1,1038,gina_agnostic,0,,,,,,,,,,,,,970,3410,0,0,0,0,970,3468,"0,9552297165","0,8191593353",0
OpenML binary,,0,1039,hiva_agnostic,,,,,,,,,,,,,,0,4229,0,0,1617,0,1617,4229,,,
OpenML binary,,0,1040,sylva_prior,,,,,,,,,,,,,,20,1772,0,0,88,0,108,14395,,,
OpenML binary,1,1,1042,gina_prior,0,,,,,,,,,,,,,548,3410,0,0,236,0,784,3468,"0,956402737","0,8379276637",0
OpenML binary,1,1,1046,mozilla4,,,,,,,,,,1,,,,4,10216,0,0,1,0,5,15545,"0,9260032626","0,7967373573",0
OpenML binary,,0,1053,jm1,,,,,,,,,,,,,,21,4206,0,0,0,5,21,10885,"0,6667194929","0,6611727417",1
OpenML binary,,0,1056,mc1,,,,,,,,,,,,,,34,136,0,0,4,0,38,9466,,,
OpenML binary,,0,1069,pc2,,,,,,,,,,,,,,35,46,0,0,1,0,36,5589,,,
OpenML binary,,0,1111,KDDCup09_appetency,,,,,,,,,,,,,,36,374,38,105,51,41706,230,50000,,,
OpenML binary,,0,1112,KDDCup09_churn,,,,,,,,,,,,,,36,962,38,105,51,41706,230,50000,,,
OpenML binary,,0,1114,KDDCup09_upselling,,,,,,,,,,,,,,36,1434,38,105,51,41706,230,50000,,,
OpenML binary,,0,1116,musk,,,,,,,,,,,,,,166,2034,1,0,0,0,167,6598,,,
OpenML binary,,0,1119,adult-census,,,,,,,,,,,,,,6,15682,8,0,0,0,14,32561,"0,7728","0,7437777778",1
OpenML binary,0,1,1120,MagicTelescope,,,,,,,,,,,,,1,10,13376,0,0,0,0,10,19020,"0,8619486668","0,7678046349",0
OpenML binary,1,0,1181,BNG(spectf_test),,,1,,,,,,,,,,,44,430380,0,0,0,0,44,1000000,"0,6315098771","0,6223925957",1
OpenML binary,1,0,1205,BNG(Australian),,,1,,,,,,,,,,,8,853898,0,0,6,0,14,1000000,"0,7115423763","0,7166316075",1
OpenML binary,1,0,1212,BNG(SPECTF),,,1,,,,,,,,,,,44,562600,0,0,0,0,44,1000000,"0,6468735018","0,6338606945",1
OpenML binary,1,0,1216,Click_prediction_small,,,,,,,,,,1,,,,7,133562,0,0,2,0,9,1496391,"0,5713427456","0,5611294683",1
OpenML binary,1,1,1217,Click_prediction_small,,,,,,,,,,1,,,,9,13380,0,0,2,0,11,149639,"0,626856004","0,585799701",0
OpenML binary,1,0,1218,Click_prediction_small,,,,,,,,,,1,,,,9,666008,0,0,2,0,11,1997410,"0,5483870968","0,5535702107",1
OpenML binary,1,0,1219,Click_prediction_small,,,,,,,,,,1,,,,9,134178,0,0,2,0,11,399482,"0,5691233864","0,5598919243",1
OpenML binary,1,1,1220,Click_prediction_small,,,,,,,,,,1,,,,7,13456,0,0,2,0,9,39948,"0,6008917513","0,5683428288",0
OpenML binary,1,1,1235,Agrawal1,,,,,1,,,,,,,,1,6,655910,3,0,0,0,9,1000000,"0,935321007","0,500170567",0
OpenML binary,,0,1240,AirlinesCodrnaAdult,,,,,,,,,,,,,,13,947304,16,0,0,0,29,1076790,"0,6739822529","0,7228205649",1
OpenML binary,,0,1241,codrnaNorm,,,,,,,,,,,,,,8,325710,0,0,0,0,8,488565,"0,9235499651","0,9336128581",1
OpenML binary,,0,1242,vehicleNorm,,,,,,,,,,,,,,100,98528,0,0,0,0,100,98528,"0,8599512464","0,8462687741",1
OpenML binary,0,1,1461,bank-marketing,,,,,,,,,,,,,,7,10578,9,0,0,0,16,45211,"0,8038437303","0,7554505356",0
OpenML binary,1,1,1471,eeg-eye-state,,,,,,1,,,,,,,,14,13446,0,0,0,0,14,14980,"0,9411502231","0,5585523054",0
OpenML binary,,0,1486,nomao,,,,,,,,,,,,,,74,19688,29,0,15,0,118,34465,"0,962","0,9296444444",1
OpenML binary,0,1,1489,phoneme,1,,0,,,,,,,0,,,0,5,3172,0,0,0,0,5,5404,"0,8825630252","0,7628151261",0
OpenML binary,1,1,1496,ringnorm,,,1,,,,,,,,,,,20,7328,0,0,0,0,20,7400,"0,9740791269","0,7566166439",0
OpenML binary,,0,1507,twonorm,,,,,,,,,,,,,,20,7394,0,0,0,0,20,7400,"0,9708877873","0,9774673276",1
OpenML binary,,0,1558,bank-marketing,,,,,,,,,,,,,,7,1042,9,0,0,0,16,4521,,,
OpenML binary,,0,1590,adult,,,,,,,,,,,,,,6,23374,8,0,0,0,14,48842,"0,7607616921","0,7381838482",1
OpenML binary,,0,1597,creditcard,,,,,,,,,,,,,,29,984,0,0,0,0,29,284807,,,
OpenML binary,0,0,4134,Bioresponse,,,,,,,,,,,,,,419,3434,0,0,1357,0,1776,3751,"0,7901066925","0,7563530553",1
OpenML binary,,0,4154,CreditCardSubset,,,,,,,,,,,,,,30,46,0,0,0,0,30,14240,,,
OpenML binary,1,1,23512,higgs,,,,,,,,,,,1,,,24,92446,0,0,4,1,28,98050,"0,6837749662","0,627436938",0
OpenML binary,,0,23517,"numerai28,6",,,,,,,,,,,,,,21,95324,0,0,0,0,21,96320,"0,4981803797","0,5207278481",1
OpenML binary,,0,40514,BNG(credit-g),,,,,,,,,,,,,,3,600452,13,0,4,0,20,1000000,,,
OpenML binary,,0,40536,SpeedDating,,,,,,,,,,,,,,52,1684,61,1,6,3412,120,8378,,,
OpenML binary,,0,40666,clean2,,,,,,,,,,,,,,168,2034,0,0,0,0,168,6598,,,
OpenML binary,,0,40701,churn,,,,,,,,,,,,,,16,1414,4,0,0,0,20,5000,,,
OpenML binary,,0,40713,dis,,,,,,,,,,,,,,6,116,23,0,0,0,29,3772,,,
OpenML binary,,0,40900,Satellite,,,,,,,,,,,,,,36,150,0,0,0,0,36,5100,,,
OpenML binary,,0,40910,Speech,,,,,,,,,,,,,,400,122,0,0,0,0,400,3686,,,
OpenML binary,1,1,40922,Run_or_walk_information,0,,,,,,,,,,,,,6,88446,0,0,0,0,6,88588,"0,9845067031","0,7131733162",0
OpenML binary,,0,40983,wilt,,,,,,,,,,,,,,5,522,0,0,0,0,5,4839,,,
OpenML binary,1,1,41005,jungle_chess_2pcs_endgame_rat_rat,,,,,,,1,,,,,,,14,3210,26,0,6,0,46,3660,1,"0,733748702",0
OpenML binary,1,,41026,gisette,0,,1,,,,,,,,,,,4589,7000,0,0,411,0,5000,7000,,,
OpenML binary,,0,41138,APSFailure,,,,,,,,,,,,,,161,480,0,7,2,63193,170,76000,,,
OpenML binary,1,1,41142,christine,,,1,1,,,,1,,,,,,1598,5418,37,0,1,0,1636,5418,"0,7413284133","0,6779827798",0
OpenML binary,1,1,41144,madeline,,,1,1,,,,1,,,,,,256,3122,0,0,3,0,259,3140,"0,8315901814","0,5643543223",0
OpenML binary,1,1,41145,philippine,,,,1,,,,,,,,,,308,5832,0,0,0,0,308,5832,"0,7614857143","0,7218285714",0
OpenML binary,,0,41146,sylvine,,,,,,,,,,,,,,20,5124,0,0,0,0,20,5124,"0,9473342003","0,911183355",1
OpenML binary,,0,41147,albert,,,,,,,,,,,,,,21,58252,52,5,0,358940,78,425240,"0,6199497217","0,6254264679",1
OpenML binary,0,1,41150,MiniBooNE,1,,0,,,,,,,0,,,0,50,72998,0,0,0,0,50,130064,"0,928847122","0,8434301057",0
OpenML binary,,0,41156,ada,,,,,,,,,,,,,,6,2058,0,0,42,0,48,4147,,,
OpenML binary,1,1,41158,gina,,,1,,,,,,,,,,,970,3100,0,0,0,0,970,3153,"0,9509677419","0,8288172043",0
OpenML binary,1,,41159,guillermo,,,1,,,,,,,,,,,4279,16006,0,0,17,0,4296,20000,,,
OpenML binary,,0,41160,rl,,,,,,,,,,,,,,7,2360,14,0,1,16872,22,31406,,,
OpenML binary,,,41161,riccardo,,,,,,,,,,,,,,4283,10000,0,0,13,0,4296,20000,,,
OpenML binary,,0,41162,kick,,,,,,,,,,,,,,14,17836,18,0,0,383,32,72983,"0,6360888889","0,6198666667",1
OpenML binary,,0,41228,Klaverjas2018,,,,,,,,,,,,,,0,981541,0,0,32,0,32,981541,,,
OpenML binary,,0,41434,Click_prediction_small,,,,,,,,,,,,,,3,13456,6,0,2,0,11,39948,,,
OpenML binary,1,1,41526,test_dataset,,,,,,,,,1,,,,,51,15136,0,0,9,14,60,15547,"0,8395555556","0,7952",0
OpenML binary,,0,41946,Sick_numeric,,,,,,,,,,,,,,6,462,0,0,23,0,29,3772,,,
OpenML binary,,0,42192,compas-two-years,,,,,,,,,,,,,,3,4966,6,0,4,0,13,5278,,,
OpenML binary,,0,42193,compas-two-years,,,,,,,,,,,,,,3,4966,6,0,4,0,13,5278,,,
OpenML binary,,0,42206,porto-seguro,,,,,,,,,,,,,,9,34308,25,0,3,142164,37,595212,"0,538419016","0,5638474295",1
OpenML binary,,0,42252,Asteroid_Dataset,,,,,,,,,,,,,,32,276,1,0,0,96,33,126131,,,
OpenML binary,,0,42256,Asteroid_Dataset,,,,,,,,,,,,,,33,276,0,0,0,96,33,126131,,,
OpenML binary,,0,42343,KDD98,,,,,,,,,,,,,,309,7676,136,21,11,51924,477,82318,"0,5400781589","0,5313069909",1
OpenML binary,0,0,42395,SantanderCustomerSatisfaction,,,,,,,,,,,,,,201,40196,0,0,0,0,201,200000,"0,7769860683","0,7629125456",1
OpenML binary,,0,42397,CreditCardFraudDetection,,,,,,,,,,,,,,30,984,0,0,0,0,30,284807,,,
OpenML binary,,0,42435,SantanderCustomerSatisfaction,,,,,,,,,,,,,,200,40196,1,0,0,0,201,200000,"0,7817363253","0,7719522138",1
OpenML binary,,0,42477,default-of-credit-card-clients,,,,,,,,,,,,,,20,13272,0,0,3,0,23,30000,"0,6957810146","0,6791562029",1
OpenML binary,1,1,42680,RelevantImagesDatasetTEST,0,,,,,,,,,,,,,19,11164,3,0,8,0,30,134731,"0,996238806","0,9405373134",0
OpenML binary,1,1,42717,Click_prediction_small,,,,,,,,,,1,,,,7,13456,0,0,2,0,9,39948,"0,599058707","0,5689868714",0
OpenML binary,,0,42733,Click_prediction_small,,,,,,,,,,,,,,3,13456,6,0,2,0,11,39948,,,
OpenML binary,,0,42742,porto-seguro,,,,,,,,,,,,,,20,34308,31,0,6,142164,57,595212,"0,5454868515","0,5625839059",1
OpenML binary,,0,42750,Census-Income-KDD,,,,,,,,,,,1,,,18,23314,0,0,23,8962,41,199523,"0,8544942237","0,8229923922",1
OpenML binary,,,42757,KDDCup09-Appetency,,,,,,,,,,,,,,5307,0,0,200,9493,50000,15000,50000,,,
OpenML binary,,,42758,KDDCup09-Churn,,,,,,,,,,,,,,5307,0,0,200,9493,50000,15000,50000,,,
OpenML binary,,,42759,KDDCup09-Upselling,,,,,,,,,,,,,,5307,0,0,200,9493,50000,15000,50000,,,
OpenML binary,0,1,42769,Higgs,1,,0,,,,,,,0,,,1,24,940160,0,0,4,0,28,1000000,"0,617437843","0,5771289208",0
OpenML binary,,,42773,KDDCup09-Upselling,,,,,,,,,,,,,,5283,0,260,169,9288,50000,15000,50000,,,
OpenML binary,,,42774,KDDCup09-Appetency,,,,,,,,,,,,,,5283,0,260,169,9288,50000,15000,50000,,,
OpenML binary,,,42775,KDDCup09-Churn,,,,,,,,,,,,,,5283,0,260,169,9288,50000,15000,50000,,,
OpenML binary,1,,42810,PCam,0,,,,,,,,,,,,,27648,3954,0,0,0,0,27648,4000,,,
OpenML binary,1,,42811,PCam16k,0,,,,,,,,,,,,,27648,15982,0,0,0,0,27648,16000,,,
OpenML binary,1,,42812,PCam16k,0,,,,,,,,,,,,,27648,15866,0,0,0,0,27648,16000,,,
OpenML binary,,,43072,KDDCup09-Upselling,,,,,,,,,,,,,,5283,0,189,169,9250,50000,14891,50000,,,
OpenML binary,1,0,43439,Medical-Appointment-No-Shows,,,,,,,,,,1,,,,5,44638,0,0,7,0,12,110527,,,
OpenML binary,,0,43489,Census-(Augmented),1,,0,,,,,,,0,,,0,9,630668,0,0,5,0,14,1000000,"0,7440590003","0,7583310571",1
OpenML binary,,0,43551,Employee-Turnover-at-TECHCO,,,,,,,,,,,,,,8,988,0,0,1,0,9,34452,,,
OpenML Multiple,,0,6,letter,,,,,,,,,,,,,,16,1610,0,0,0,0,16,20000,,,
OpenML Multiple,,0,28,optdigits,,,,,,,,,,,,,,51,1142,0,0,13,0,64,5620,,,
OpenML Multiple,,0,30,page-blocks,,,,,,,,,,,,,,10,658,0,0,0,0,10,5473,,,
OpenML Multiple,,0,32,pendigits,,,,,,,,,,,,,,16,2288,0,0,0,0,16,10992,,,
OpenML Multiple,,0,60,waveform-5000,,,,,,,,,,,,,,40,3310,0,0,0,0,40,5000,"0,9198388721","0,9248741188",1
OpenML Multiple,1,1,149,CovPokElec,,,,,,,,,,,1,,,15,1294868,50,0,7,0,72,1455525,"0,6390368922","0,5826532677",0
OpenML Multiple,,0,150,covertype,,,,,,,,,,,,,,10,423680,44,0,0,0,54,581012,"0,7337756583","0,758932891",1
OpenML Multiple,1,1,155,pokerhand,,,,,,,,,,,1,,,5,700852,5,0,0,0,10,829201,"0,7128550991","0,5925471762",0
OpenML Multiple,1,1,156,RandomRBF_0_0,,,1,,,,,,,,,,,10,522348,0,0,0,0,10,1000000,"0,9287577213","0,6823610158",0
OpenML Multiple,1,1,157,RandomRBF_10_1E-3,,,1,,,,,,,,,,,10,522348,0,0,0,0,10,1000000,"0,9017158545","0,7289636239",0
OpenML Multiple,1,1,158,RandomRBF_10_1E-4,,,1,,,,,,,,,,,10,522348,0,0,0,0,10,1000000,"0,9010295127","0,7656142759",0
OpenML Multiple,,0,159,RandomRBF_50_1E-3,,,,,,,,,,,,,,10,522348,0,0,0,0,10,1000000,"0,5052848318","0,5020590254",1
OpenML Multiple,,0,160,RandomRBF_50_1E-4,,,,,,,,,,,,,,10,522348,0,0,0,0,10,1000000,"0,5443376802","0,5176389842",1
OpenML Multiple,,0,180,covertype,,,,,,,,,,,,,,10,77812,40,0,4,0,54,110393,"0,7797505987","0,7533239739",1
OpenML Multiple,,0,182,satimage,,,,,,,,,,,,,,36,3016,0,0,0,0,36,6430,"0,9975690608","0,9975690608",1
OpenML Multiple,,0,183,abalone,,,,,,,,,,,,,,7,1268,1,0,0,0,8,4177,,,
OpenML Multiple,1,1,244,BNG(anneal),,,1,,,,,,,,,,,6,220680,32,0,0,0,38,1000000,"0,7128960732","0,6282812388",0
OpenML Multiple,1,1,245,"BNG(anneal,ORIG)",,,1,,,,,,,,,,,6,220680,32,0,0,0,38,1000000,"0,7310635863","0,6472355339",0
OpenML Multiple,1,1,247,BNG(letter),,,1,,,,,,,,,,,16,80506,0,0,0,0,16,1000000,"0,9495330165","0,8970178601",0
OpenML Multiple,1,1,248,BNG(autos),,,1,,,,,,,,,,,15,521888,10,0,0,0,25,1000000,"0,6878303247","0,6489120736",0
OpenML Multiple,,0,250,BNG(mfeat-fourier),,,,,,,,,,,,,,76,200314,0,0,0,0,76,1000000,"0,9936585717","0,997261656",1
OpenML Multiple,,0,252,BNG(mfeat-karhunen),,,,,,,,,,,,,,64,200734,0,0,0,0,64,1000000,"0,989481268","0,9891930836",1
OpenML Multiple,,0,254,BNG(mfeat-zernike),,,,,,,,,,,,,,47,200552,0,0,0,0,47,1000000,"0,9696664025","0,9432956265",1
OpenML Multiple,1,1,259,BNG(page-blocks),,,1,,,,,,,,,,,10,35200,0,0,0,0,10,295245,"0,9333565675","0,7052354399",0
OpenML Multiple,,0,261,BNG(pendigits),,,,,,,,,,,,,,16,208286,0,0,0,0,16,1000000,"0,9893678161","0,9862787356",1
OpenML Multiple,1,1,265,BNG(glass),,,1,,,,,,,,,,,9,89338,0,0,0,0,9,137781,"0,8384874219","0,6736901138",0
OpenML Multiple,,0,266,BNG(heart-c),,,,,,,,,,,,,,5,907206,7,0,1,0,13,1000000,"0,7005829718","0,7307483731",1
OpenML Multiple,1,1,268,BNG(vehicle),,,1,,,,,,,,,,,18,512202,0,0,0,0,18,1000000,"0,8941006799","0,8005631481",0
OpenML Multiple,,0,271,BNG(waveform-5000),,,,,,,,,,,,,,40,661984,0,0,0,0,40,1000000,"0,9088056749","0,9137848714",1
OpenML Multiple,,0,279,"meta_stream_intervals,arff",,,,,,,,,,,,,,73,11818,0,0,1,0,74,45164,"0,99678511","0,9701635646",1
OpenML Multiple,,0,300,isolet,,,,,,,,,,,,,,613,600,0,0,4,0,617,7797,,,
OpenML Multiple,,0,375,JapaneseVowels,,,,,,,,,,,,,,14,2946,0,0,0,0,14,9961,,,
OpenML Multiple,,,390,"new3s,wc",,,,,,,,,,,,,,3613,1136,0,0,23219,0,26832,9558,,,
OpenML Multiple,,0,399,"ohscal,wc",,,,,,,,,,,,,,665,2900,0,0,10800,0,11465,11162,,,
OpenML Multiple,,0,554,mnist_784,,,,,,,,,,,,,,655,14586,0,0,129,0,784,70000,"0,9953839122","0,9949268739",1
OpenML Multiple,0,1,1044,eye_movements,,,,,,,,,,,,,,20,7608,3,0,4,0,27,10936,"0,6568550153","0,5628558914",0
OpenML Multiple,,0,1110,KDDCup99_full,,,,,,,,,,,,,,27,2144034,7,0,7,0,41,4898431,1,1,1
OpenML Multiple,,0,1113,KDDCup99,,,,,,,,,,,,,,26,214402,7,0,8,0,41,494020,1,1,1
OpenML Multiple,,0,1183,BNG(satimage),,,,,,,,,,,,,,36,468272,0,0,0,0,36,1000000,"0,9877410468","0,9873966942",1
OpenML Multiple,,0,1185,BNG(wine),,,,,,,,,,,,,,13,642542,0,0,0,0,13,1000000,"0,9500341297","0,9371331058",1
OpenML Multiple,1,1,1186,BNG(eucalyptus),,,1,,,,,,,,,,,11,490530,5,0,3,0,19,1000000,"0,8762206024","0,7496905515",0
OpenML Multiple,,0,1209,BNG(vowel),,,,,,,,,,,,,,10,182326,2,0,0,0,12,1000000,"0,893433096","0,8508644486",1
OpenML Multiple,,0,1214,BNG(JapaneseVowels),,,,,,,,,,,,,,14,294022,0,0,0,0,14,1000000,"0,9601685985","0,9617843344",1
OpenML Multiple,,0,1222,"letter-challenge-unlabeled,arff",,,,,,,,,,,,,,16,14480,0,0,0,0,16,20000,"0,5938766114","0,566160221",1
OpenML Multiple,,0,1226,Click_prediction_small,,,,,,,,,,,,,,7,664786,0,0,2,0,9,798964,"0,4904515073","0,4889510299",1
OpenML Multiple,,0,1351,"BNG(anneal,1000,1)",,,,,,,,,,,,,,6,220680,32,0,0,0,38,1000000,"0,6211286746","0,6473785852",1
OpenML Multiple,,0,1352,"BNG(anneal,1000,5)",,,,,,,,,,,,,,6,220680,32,0,0,0,38,1000000,"0,5511765968","0,6137615335",1
OpenML Multiple,,0,1353,"BNG(anneal,1000,10)",,,,,,,,,,,,,,6,220680,32,0,0,0,38,1000000,"0,5305772119","0,5765681997",1
OpenML Multiple,,0,1354,"BNG(anneal,5000,1)",,,,,,,,,,,,,,6,220680,32,0,0,0,38,1000000,"0,7062441885","0,6830698806",1
OpenML Multiple,,0,1355,"BNG(anneal,5000,5)",,,,,,,,,,,,,,6,220680,32,0,0,0,38,1000000,"0,6237035977","0,6669766111",1
OpenML Multiple,,0,1356,"BNG(anneal,5000,10)",,,,,,,,,,,,,,6,220680,32,0,0,0,38,1000000,"0,6051069308","0,6724125599",1
OpenML Multiple,,0,1357,"BNG(anneal,10000,1)",,,,,,,,,,,,,,6,220680,32,0,0,0,38,1000000,"0,7269150991","0,7005936628",1
OpenML Multiple,,0,1358,"BNG(anneal,10000,5)",,,,,,,,,,,,,,6,220680,32,0,0,0,38,1000000,"0,6546026751","0,6594664187",1
OpenML Multiple,,0,1359,"BNG(anneal,10000,10)",,,,,,,,,,,,,,6,220680,32,0,0,0,38,1000000,"0,6249195337","0,6637579572",1
OpenML Multiple,,0,1360,"BNG(anneal,ORIG,1000,1)",,,,,,,,,,,,,,6,220680,32,0,0,0,38,1000000,"0,6177669695","0,6317859953",1
OpenML Multiple,,0,1361,"BNG(anneal,ORIG,1000,5)",,,,,,,,,,,,,,6,220680,32,0,0,0,38,1000000,"0,553536943","0,6116872899",1
OpenML Multiple,,0,1362,"BNG(anneal,ORIG,1000,10)",,,,,,,,,,,,,,6,220680,32,0,0,0,38,1000000,"0,5224232887","0,5840783921",1
OpenML Multiple,,0,1363,"BNG(anneal,ORIG,5000,1)",,,,,,,,,,,,,,6,220680,32,0,0,0,38,1000000,"0,7105357271","0,695157714",1
OpenML Multiple,,0,1364,"BNG(anneal,ORIG,5000,5)",,,,,,,,,,,,,,6,220680,32,0,0,0,38,1000000,"0,619054431","0,6368643159",1
OpenML Multiple,,0,1365,"BNG(anneal,ORIG,5000,10)",,,,,,,,,,,,,,6,220680,32,0,0,0,38,1000000,"0,6245619054","0,6369358415",1
OpenML Multiple,,0,1366,"BNG(anneal,ORIG,10000,1)",,,,,,,,,,,,,,6,220680,32,0,0,0,38,1000000,"0,7804878049","0,7530219584",1
OpenML Multiple,1,1,1367,"BNG(anneal,ORIG,10000,5)",,,1,,,,,,,,,,,6,220680,32,0,0,0,38,1000000,"0,6459480724","0,6113296617",0
OpenML Multiple,,0,1368,"BNG(anneal,ORIG,10000,10)",,,,,,,,,,,,,,6,220680,32,0,0,0,38,1000000,"0,6311422645","0,633431085",1
OpenML Multiple,1,1,1378,"BNG(letter,1000,1)",,,1,,,,,,,,,,,16,80506,0,0,0,0,16,1000000,"0,9465017205","0,8738325414",0
OpenML Multiple,1,1,1379,"BNG(letter,1000,5)",,,1,,,,,,,,,,,16,80506,0,0,0,0,16,1000000,"0,9223332787","0,7971489431",0
OpenML Multiple,1,1,1380,"BNG(letter,1000,10)",,,1,,,,,,,,,,,16,80506,0,0,0,0,16,1000000,"0,8601507455","0,754710798",0
OpenML Multiple,1,1,1381,"BNG(letter,5000,1)",,,1,,,,,,,,,,,16,80506,0,0,0,0,16,1000000,"0,9542028511","0,8903817795",0
OpenML Multiple,1,1,1382,"BNG(letter,5000,5)",,,1,,,,,,,,,,,16,80506,0,0,0,0,16,1000000,"0,9506799934","0,8715385876",0
OpenML Multiple,1,1,1383,"BNG(letter,5000,10)",,,1,,,,,,,,,,,16,80506,0,0,0,0,16,1000000,"0,9446993282","0,8493363919",0
OpenML Multiple,1,1,1384,"BNG(letter,10000,1)",,,1,,,,,,,,,,,16,80506,0,0,0,0,16,1000000,"0,9503522858","0,8880878257",0
OpenML Multiple,1,1,1385,"BNG(letter,10000,5)",,,1,,,,,,,,,,,16,80506,0,0,0,0,16,1000000,"0,9496968704","0,8834999181",0
OpenML Multiple,1,1,1386,"BNG(letter,10000,10)",,,1,,,,,,,,,,,16,80506,0,0,0,0,16,1000000,"0,9467475012","0,874242176",0
OpenML Multiple,,0,1393,"BNG(autos,1000,1)",,,,,,,,,,,,,,15,521888,10,0,0,0,25,1000000,"0,6387535177","0,6119843503",1
OpenML Multiple,,0,1394,"BNG(autos,1000,5)",,,,,,,,,,,,,,15,521888,10,0,0,0,25,1000000,"0,5632507379","0,552474432",1
OpenML Multiple,,0,1395,"BNG(autos,1000,10)",,,,,,,,,,,,,,15,521888,10,0,0,0,25,1000000,"0,528588098","0,5341478482",1
OpenML Multiple,1,1,1396,"BNG(autos,5000,1)",,,1,,,,,,,,,,,15,521888,10,0,0,0,25,1000000,"0,7313473814","0,6575605738",0
OpenML Multiple,1,1,1397,"BNG(autos,5000,5)",,,1,,,,,,,,,,,15,521888,10,0,0,0,25,1000000,"0,6652481296","0,6168577116",0
OpenML Multiple,1,1,1398,"BNG(autos,5000,10)",,,1,,,,,,,,,,,15,521888,10,0,0,0,25,1000000,"0,5813027661","0,5484933763",0
OpenML Multiple,1,1,1399,"BNG(autos,10000,1)",,,1,,,,,,,,,,,15,521888,10,0,0,0,25,1000000,"0,7178255199","0,6547463793",0
OpenML Multiple,1,1,1400,"BNG(autos,10000,5)",,,1,,,,,,,,,,,15,521888,10,0,0,0,25,1000000,"0,7173450477","0,6262612396",0
OpenML Multiple,1,1,1401,"BNG(autos,10000,10)",,,1,,,,,,,,,,,15,521888,10,0,0,0,25,1000000,"0,6489807125","0,6095133503",0
OpenML Multiple,,0,1459,artificial-characters,,,,,,,,,,,,,,6,2396,0,0,1,0,7,10218,,,
OpenML Multiple,,0,1475,first-order-theorem-proving,,,,,,,,,,,,,,51,2178,0,0,0,0,51,6118,,,
OpenML Multiple,,0,1476,gas-drift,,,,,,,,,,,,,,128,5852,0,0,0,0,128,13910,"0,9978359909","0,9988610478",1
OpenML Multiple,,0,1477,gas-drift-different-concentrations,,,,,,,,,,,,,,129,5852,0,0,0,0,129,13910,"0,9978359909","0,99738041",1
OpenML Multiple,,0,1478,har,,,,,,,,,,,,,,561,3812,0,0,0,0,561,10299,"0,9998251748",1,1
OpenML Multiple,1,1,1483,ldpa,0,,,,,,,,,,,,,5,65420,2,0,0,0,7,164860,"0,9213735836","0,6353256639",0
OpenML Multiple,1,1,1497,wall-robot-navigation,0,,,,,,,,,,,,,24,4194,0,0,0,0,24,5456,"0,9985702939","0,7906274821",0
OpenML Multiple,,0,1503,spoken-arabic-digit,,,,,,,,,,,,,,13,52932,0,0,1,0,14,263256,"0,5296744186","0,5107906977",1
OpenML Multiple,1,1,1509,walking-activity,0,,,,,,,,,,,,,4,41516,0,0,0,0,4,149332,"0,903385172","0,526876109",0
OpenML Multiple,,0,1526,wall-robot-navigation,,,,,,,,,,,,,,4,4194,0,0,0,0,4,5456,"0,9996822875","0,9725178713",1
OpenML Multiple,,0,1557,abalone,,,,,,,,,,,,,,7,2814,1,0,0,0,8,4177,,,
OpenML Multiple,1,1,1567,poker-hand,,,,,,,,,,,1,,,5,866194,0,0,5,0,10,1025009,"0,5358523845","0,4920968727",0
OpenML Multiple,1,1,1569,poker-hand,,,,,,,,,,,1,,,5,866192,0,0,5,0,10,1025000,"0,5515229632","0,4863306424",0
OpenML Multiple,,0,1596,covertype,,,,,,,,,,,,,,10,423680,44,0,0,0,54,581012,"0,7267261041","0,751192204",1
OpenML Multiple,1,1,4538,GesturePhaseSegmentationProcessed,0,,,,,,,,,,,,,32,5482,0,0,0,0,32,9873,"0,9107598784","0,7849240122",0
OpenML Multiple,,0,4541,Diabetes130US,,,,,,,,,,,,,,11,71090,36,0,2,0,49,101766,"0,6136882129","0,6152936206",1
OpenML Multiple,,0,40498,wine-quality-white,,,,,,,,,,,,,,11,2914,0,0,0,0,11,4898,,,
OpenML Multiple,,0,40499,texture,,,,,,,,,,,,,,40,1000,0,0,0,0,40,5500,,,
OpenML Multiple,1,1,40520,BNG(anneal),,,1,,,,,,,,,,,6,220680,32,0,0,0,38,1000000,"0,7025963808","0,6261354696",0
OpenML Multiple,1,1,40672,fars,,,,,,,,,,1,,,,14,40014,15,0,0,0,29,100968,1,"0,8928939604",0
OpenML Multiple,,0,40685,shuttle,,,,,,,,,,,,,,9,17806,0,0,0,0,9,58000,1,"0,9802666667",1
OpenML Multiple,,0,40923,Devnagari-Script,,,,,,,,,,,,,,784,4000,0,0,240,0,1024,92000,"0,9965","0,9921666667",1
OpenML Multiple,,,40926,CIFAR_10_small,,,,,,,,,,,,,,3072,4060,0,0,0,0,3072,20000,,,
OpenML Multiple,,,40927,CIFAR_10,,,,,,,,,,,,,,3072,12000,0,0,0,0,3072,60000,,,
OpenML Multiple,,0,40996,Fashion-MNIST,,,,,,,,,,,,,,783,14000,0,0,1,0,784,70000,"0,9980952381","0,9982380952",1
OpenML Multiple,,0,40997,jungle_chess_2pcs_endgame_panther_lion,,,,,,,,,,,,,,13,4072,26,0,7,0,46,4704,"0,9926350245","0,9451718494",1
OpenML Multiple,1,1,40998,jungle_chess_2pcs_endgame_panther_lion,,,,,,,1,,,,,,,13,4072,26,0,7,0,46,4704,"0,9962356792","0,94599018",0
OpenML Multiple,,0,41000,jungle_chess_2pcs_endgame_panther_elephant,,,,,,,,,,,,,,14,4028,26,0,6,0,46,4704,"0,7272125724","0,7995037221",1
OpenML Multiple,1,1,41001,jungle_chess_2pcs_endgame_complete,,,,,,,1,,,,,,,14,32500,26,0,6,3528,46,44819,"0,9010771326","0,8440840246",0
OpenML Multiple,,0,41002,jungle_chess_2pcs_endgame_rat_panther,,,,,,,,,,,,,,14,3222,26,0,6,1176,46,5880,"0,9619441572","0,9352637022",1
OpenML Multiple,1,1,41003,jungle_chess_2pcs_endgame_rat_elephant,,,,,,,1,,,,,,,14,3554,26,0,6,1176,46,5880,"0,9988753515","0,8026241799",0
OpenML Multiple,,0,41004,jungle_chess_2pcs_endgame_lion_elephant,,,,,,,,,,,,,,13,2818,26,0,7,0,46,4704,,,
OpenML Multiple,1,1,41006,jungle_chess_2pcs_endgame_rat_lion,,,,,,,1,,,,,,,13,3960,26,0,7,1176,46,5880,"0,9952861953","0,9451178451",0
OpenML Multiple,,0,41027,jungle_chess_2pcs_raw_endgame_complete,,,,,,,,,,,,,,0,44819,0,0,6,0,6,44819,,,
OpenML Multiple,,0,41039,EMNIST_Balanced,,,,,,,,,,,,,,688,5600,0,0,96,0,784,131600,"0,9935752528","0,9927424152",1
OpenML Multiple,,,41081,SVHN,,,,,,,,,,,,,,3072,29468,0,0,0,0,3072,99289,,,
OpenML Multiple,,0,41082,USPS,,,,,,,,,,,,,,256,2538,0,0,0,0,256,9298,,,
OpenML Multiple,,,41103,STL-10,,,,,,,,,,,,,,27648,2600,0,0,0,0,27648,13000,,,
OpenML Multiple,,0,41163,dilbert,,,,,,,,,,,,,,2000,4092,0,0,0,0,2000,10000,"0,9990228013",1,1
OpenML Multiple,,0,41164,fabert,,,,,,,,,,,,,,730,3030,0,0,70,0,800,8237,"0,9423542354","0,9652365237",1
OpenML Multiple,,,41165,robert,,,,,,,,,,,,,,7200,2070,0,0,0,0,7200,10000,,,
OpenML Multiple,,0,41166,volkert,,,,,,,,,,,,,,147,23038,0,0,33,0,180,58310,"0,9901923322","0,9895554706",1
OpenML Multiple,0,1,41168,jannis,,,,,,,,,,,,,,54,57580,0,0,0,0,54,83733,"0,7625529613","0,7260434508",1
OpenML Multiple,,0,41169,helena,,,,,,,,,,,,,,27,6126,0,0,0,0,27,65196,"0,9655059848","0,9628944505",1
OpenML Multiple,,0,41671,microaggregation2,,,,,,,,,,,,,,10,8964,0,0,10,0,20,20000,"0,6130111524","0,6446840149",1
OpenML Multiple,,0,41972,Indian_pines,,,,,,,,,,,,,,220,5004,0,0,0,0,220,9144,"0,9111850866","0,8729693742",1
OpenML Multiple,1,0,41982,Kuzushiji-MNIST,0,,,,,,,,,,,,,784,14000,0,0,0,0,784,70000,"0,9935714286","0,9592857143",1
OpenML Multiple,1,,41983,CIFAR-100,0,,,,,,,,,,,,,3072,1200,0,0,0,0,3072,60000,,,
OpenML Multiple,,0,41986,GTSRB-HOG01,,,,,,,,,,,,,,1568,5880,0,0,0,0,1568,51839,"0,9890022676","0,9866213152",1
OpenML Multiple,,0,41988,GTSRB-HOG02,,,,,,,,,,,,,,1568,5880,0,0,0,0,1568,51839,"0,9947845805","0,9936507937",1
OpenML Multiple,,0,41989,GTSRB-HOG03,,,,,,,,,,,,,,2916,5880,0,0,0,0,2916,51839,"0,9905895692","0,9876417234",1
OpenML Multiple,1,1,41990,GTSRB-HueHist,0,,,,,,,,,,,,,256,5880,0,0,0,0,256,51839,"0,8382086168","0,656122449",0
OpenML Multiple,,0,42468,hls4ml_lhc_jets_hlf,,,,,,,,,,,,,,16,334250,0,0,0,0,16,830000,"0,8607524255","0,8735953096",1
OpenML Multiple,1,1,42718,BNG(vehicle),,,1,,,,,,,,,,,18,512202,0,0,0,0,18,1000000,"0,9034406978","0,8156720005",0
OpenML Multiple,,0,42746,KDDCup99,,,,,,,,,,,,,,27,2144034,9,0,5,0,41,4898431,1,1,1
OpenML Multiple,1,1,42803,road-safety,,,,,,,,,,1,,,,29,112272,5,0,32,192603,66,363243,"0,6473530317","0,5967220683",0
Custom,,0,,heloc,,,,,,,,,,,,,,22,10000,,0,1,0,23,10459,"0,7040666667","0,7074666667",1
Custom,,0,,churn,,,,,,,,,,,,,,5,4074,,0,1,0,13,10000,"0,6484055601","0,6896156991",1
Custom,,0,,shopping,,,,,,,,,,,,,,9,3816,,0,1,0,17,12330,"0,8265502183","0,8069868996",1
Custom,0,1,,credit,,,,,,,,,,,,,,10,16714,,0,0,29731,11,150000,"0,7725333333","0,7243111111",0
Custom,,0,,nomao,,,,,,,,,,,,,,36,8500,,0,10,13012,120,34464,"0,956","0,9370196078",1
Custom,0,1,,california,,,,,,,,,,,,,,8,20634,,0,0,0,8,20640,"0,9001777778","0,8294666667",0
Custom,,0,,covtype,,,,,,,,,,,,,,10,423680,,0,0,0,54,581012,"0,7458704817","0,7587255512",1
Custom,,0,,spam,,,,,,,,,,,,,,57,3624,,0,0,0,57,4600,"0,9545955882","0,9215073529",1
Custom,0,1,,wine,,,,,,,,,,,,,,11,2554,,0,0,0,11,6497,"0,8078226858","0,7327249022",0
Custom,,0,,fifa,,,,,,,,,,,,,,5,15282,,0,3,1176,109,19239,"0,8482666667","0,8130222222",1